-- Gossip text for Deputy Willem
INSERT INTO `npc_text` VALUES (198,'Hello there, $c.  Normally I\'d be out on the beat looking after the folk of Stormwind, but a lot of the Stormwind guards are fighting in the other lands.  So here I am, deputized and offering bounties when I\'d rather be on patrol...','',0,1,0,1,0,0,0,0,'','',0,0,0,0,0,0,0,0,'','',0,0,0,0,0,0,0,0,'','',0,0,0,0,0,0,0,0,'','',0,0,0,0,0,0,0,0,'','',0,0,0,0,0,0,0,0,'','',0,0,0,0,0,0,0,0,'','',0,0,0,0,0,0,0,0);
INSERT INTO `npc_gossip` (`npc_guid`, `textid`) VALUES (79942, 198);

-- Gossip text for Marshal Dunghan
INSERT INTO `npc_text` VALUES (16211, 'Ach, it\'s hard enough keeping order around here without all these new troubles popping up!  I hope you have good news, $N...', NULL, 0, 1, 0, 0, 0, 0, 0, 0, NULL, NULL, 0, 0, 0, 0, 0, 0, 0, 0, NULL, NULL, 0, 0, 0, 0, 0, 0, 0, 0, NULL, NULL, 0, 0, 0, 0, 0, 0, 0, 0, NULL, NULL, 0, 0, 0, 0, 0, 0, 0, 0, NULL, NULL, 0, 0, 0, 0, 0, 0, 0, 0, NULL, NULL, 0, 0, 0, 0, 0, 0, 0, 0, NULL, NULL, 0, 0, 0, 0, 0, 0, 0, 0);
INSERT INTO `npc_gossip` (`npc_guid`, `textid`) VALUES (80334, 16211);

-- Gossip text for Remy "Two Times"
INSERT INTO `npc_text` VALUES (199,'Hey there, friend.  My name\'s Remy.$BI\'m from Redridge to the east, and came here looking for business, looking for business.  You got any...got any??','',0,1,0,0,0,0,0,0,'','',0,0,0,0,0,0,0,0,'','',0,0,0,0,0,0,0,0,'','',0,0,0,0,0,0,0,0,'','',0,0,0,0,0,0,0,0,'','',0,0,0,0,0,0,0,0,'','',0,0,0,0,0,0,0,0,'','',0,0,0,0,0,0,0,0);
INSERT INTO `npc_gossip` (`npc_guid`, `textid`) VALUES (80326, 199);

-- Gossip text for Guard Thomas
INSERT INTO `npc_text` VALUES (200,'Hello, citizen.  You look like a $g man : woman; with a purpose - do you have business with the Stormwind Army?','',0,1,0,0,0,0,0,0,'','',0,0,0,0,0,0,0,0,'','',0,0,0,0,0,0,0,0,'','',0,0,0,0,0,0,0,0,'','',0,0,0,0,0,0,0,0,'','',0,0,0,0,0,0,0,0,'','',0,0,0,0,0,0,0,0,'','',0,0,0,0,0,0,0,0);
INSERT INTO `npc_gossip` (`npc_guid`, `textid`) VALUES (80880, 200);

-- Gossip text for Farmer Furlbrow
INSERT INTO `npc_text` VALUES (201,'Nothing but trouble in these parts.  I tried to tell that fool Saldean to get out while he still could but he won\'t hear of it.  But I ain\'t no fool.  Verna and I are gonna mosey on out as soon as we get this wagon fixed.','',0,1,0,0,0,0,0,0,'','',0,0,0,0,0,0,0,0,'','',0,0,0,0,0,0,0,0,'','',0,0,0,0,0,0,0,0,'','',0,0,0,0,0,0,0,0,'','',0,0,0,0,0,0,0,0,'','',0,0,0,0,0,0,0,0,'','',0,0,0,0,0,0,0,0);
INSERT INTO `npc_gossip` (`npc_guid`, `textid`) VALUES (62836, 201);

-- Gossip text for Gryan Stoutmantle
INSERT INTO `npc_text` VALUES (202,'A foul corruption has crept into Westfall.  While I was upholding my duty on the battlefields of Lordaeron these honest farms were overrun and made into hide-outs for thugs and murderers. The People\'s Militia needs your help.','',0,1,0,1,0,0,0,0,'','',0,0,0,0,0,0,0,0,'','',0,0,0,0,0,0,0,0,'','',0,0,0,0,0,0,0,0,'','',0,0,0,0,0,0,0,0,'','',0,0,0,0,0,0,0,0,'','',0,0,0,0,0,0,0,0,'','',0,0,0,0,0,0,0,0);
INSERT INTO `npc_gossip` (`npc_guid`, `textid`) VALUES (66975, 202);

-- Gossip text for Duthorian Rall
INSERT INTO `npc_text` VALUES (203,'You will be tested many times by the darkness that surrounds our lands, $N. But to ensure you are always prepared, we will often ask tasks of you so you are at the height of your own power.$B$BGo with the Light, and remain virtuous.','',0,1,0,1,0,0,0,0,'','',0,0,0,0,0,0,0,0,'','',0,0,0,0,0,0,0,0,'','',0,0,0,0,0,0,0,0,'','',0,0,0,0,0,0,0,0,'','',0,0,0,0,0,0,0,0,'','',0,0,0,0,0,0,0,0,'','',0,0,0,0,0,0,0,0);
INSERT INTO `npc_gossip` (`npc_guid`, `textid`) VALUES (39536, 203);

-- Gossip text for Talin Keeneye
INSERT INTO `npc_text` VALUES (204,'Greetings, $c! Fine day for hunting, wouldn\'t you say? I\'ve been having more than a little luck with boars, myself. Perhaps you\'d like a shot?','',0,1,0,0,0,0,0,0,'','',0,0,0,0,0,0,0,0,'','',0,0,0,0,0,0,0,0,'','',0,0,0,0,0,0,0,0,'','',0,0,0,0,0,0,0,0,'','',0,0,0,0,0,0,0,0,'','',0,0,0,0,0,0,0,0,'','',0,0,0,0,0,0,0,0);
INSERT INTO `npc_gossip` (`npc_guid`, `textid`) VALUES (472, 204);

-- Gossip text for Sentinel Glynda Nal'Shea
INSERT INTO `npc_text` VALUES (205,'','Corruption sneaks into nature\'s grove. The forest must be protected at all costs.',0,1,0,0,0,0,0,0,'','',0,0,0,0,0,0,0,0,'','',0,0,0,0,0,0,0,0,'','',0,0,0,0,0,0,0,0,'','',0,0,0,0,0,0,0,0,'','',0,0,0,0,0,0,0,0,'','',0,0,0,0,0,0,0,0,'','',0,0,0,0,0,0,0,0);
INSERT INTO `npc_gossip` (`npc_guid`, `textid`) VALUES (37103, 205);

-- Gossip text for Thundris Windweaver
INSERT INTO `npc_text` VALUES (206,'Dark forces encroach upon our borders, ancient taints resurface, and new evils emerge to topple the delicate balance of the land. In times of such darkness, we all must be vigilant.','',0,1,0,1,0,0,0,0,'','',0,0,0,0,0,0,0,0,'','',0,0,0,0,0,0,0,0,'','',0,0,0,0,0,0,0,0,'','',0,0,0,0,0,0,0,0,'','',0,0,0,0,0,0,0,0,'','',0,0,0,0,0,0,0,0,'','',0,0,0,0,0,0,0,0);
INSERT INTO `npc_gossip` (`npc_guid`, `textid`) VALUES (37063, 206);

-- Gossip text for Onu
INSERT INTO `npc_text` VALUES (207,'The wind whispers to those who listen...$B$BDo you hear it?','',0,1,0,0,0,0,0,0,'','',0,0,0,0,0,0,0,0,'','',0,0,0,0,0,0,0,0,'','',0,0,0,0,0,0,0,0,'','',0,0,0,0,0,0,0,0,'','',0,0,0,0,0,0,0,0,'','',0,0,0,0,0,0,0,0,'','',0,0,0,0,0,0,0,0);
INSERT INTO `npc_gossip` (`npc_guid`, `textid`) VALUES (36980, 207);

-- Gossip text for Shindrell Swiftfire
INSERT INTO `npc_text` VALUES (208,'','We elves have a long history.  Let us hope this history does not return to haunt us.',0,1,0,0,0,0,0,0,'','',0,0,0,0,0,0,0,0,'','',0,0,0,0,0,0,0,0,'','',0,0,0,0,0,0,0,0,'','',0,0,0,0,0,0,0,0,'','',0,0,0,0,0,0,0,0,'','',0,0,0,0,0,0,0,0,'','',0,0,0,0,0,0,0,0);
INSERT INTO `npc_gossip` (`npc_guid`, `textid`) VALUES (32328, 208);

-- Gossip text for Gaxim Rustfizzle
INSERT INTO `npc_text` VALUES (209,'If I can get the proper ingredients, we can create some explosives that will not only allow me to damage the Venture\'s Co.\'s operations, but also cause a distraction.$B$BI know you\'re impressed, but it gets better... I\'ll tell you more soon enough.','',0,1,0,0,0,0,0,0,'','',0,0,0,0,0,0,0,0,'','',0,0,0,0,0,0,0,0,'','',0,0,0,0,0,0,0,0,'','',0,0,0,0,0,0,0,0,'','',0,0,0,0,0,0,0,0,'','',0,0,0,0,0,0,0,0,'','',0,0,0,0,0,0,0,0);
INSERT INTO `npc_gossip` (`npc_guid`, `textid`) VALUES (32308, 209);

-- Gossip text for Gorbold Steelhand
INSERT INTO `npc_text` VALUES (17861, 'Greetings $g lad : lass;, if you\'re looking for the best deals you\'ll find outside of Ironforge itself, then you\'ve come to the right place.', '', 0, 1, 0, 0, 0, 0, 0, 0, '', '', 0, 0, 0, 0, 0, 0, 0, 0, '', '', 0, 0, 0, 0, 0, 0, 0, 0, '', '', 0, 0, 0, 0, 0, 0, 0, 0, '', '', 0, 0, 0, 0, 0, 0, 0, 0, '', '', 0, 0, 0, 0, 0, 0, 0, 0, '', '', 0, 0, 0, 0, 0, 0, 0, 0, '', '', 0, 0, 0, 0, 0, 0, 0, 0);
INSERT INTO `npc_gossip` (`npc_guid`, `textid`) VALUES (37980, 17861);

-- Gossip text for Jenna Lemkenilli
INSERT INTO `conditions` (`condition_entry`, `type`, `value1`, `value2`) VALUES (391, 7, 202, 50);
INSERT INTO `gossip_menu` VALUES (4138, 5121, 0);
INSERT INTO `gossip_menu` VALUES (4138, 5122, 391);
INSERT INTO `gossip_menu` VALUES (4138, 5123, 44);
UPDATE `creature_template` SET `gossip_menu_id`=4138 WHERE `entry`=11037;

-- Gossip text for Delfrum Flintbeard
INSERT INTO `conditions` (`condition_entry`, `type`, `value1`, `value2`) VALUES (366, 7, 164, 50);
INSERT INTO `gossip_menu` VALUES (2743, 3398, 0);
INSERT INTO `gossip_menu` VALUES (2743, 3399, 4);
INSERT INTO `gossip_menu` VALUES (2743, 3401, 366);
UPDATE `creature_template` SET `gossip_menu_id`=2743 WHERE `entry`=6299;

-- Gossip text for Grondal Moonbreeze
INSERT INTO `conditions` (`condition_entry`, `type`, `value1`, `value2`) VALUES (372, 7, 197, 50);
INSERT INTO `gossip_menu` VALUES (4263, 5419, 0);
INSERT INTO `gossip_menu` VALUES (4263, 5420, 372);
INSERT INTO `gossip_menu` VALUES (4263, 5421, 14);
UPDATE `creature_template` SET `gossip_menu_id`=4263 WHERE `entry`=4193;

-- Gossip text for Spirit Healer
UPDATE `npc_text` SET `text0_0` = 'It is not yet your time. I shall aid your journey back to the realm of the living... for a price.', `text0_1` = '' WHERE `id` = 580;
UPDATE `gossip_menu_option` SET `option_text`='Return me to life.' WHERE `menu_id`=0 AND `id`=4;
UPDATE `creature_template` SET `npcflag` = 33 WHERE `entry` = 6491;

-- Update bank gossip option text
UPDATE `gossip_menu_option` SET `option_text`='I would like to check my deposit box.' WHERE `menu_id`=0 AND `id`=7;

-- Add gossip_menu for Stone of Remembrance (20923)
INSERT INTO `gossip_menu` VALUES ('5004','6062','0');
UPDATE `gameobject_template` SET `flags`=0 WHERE `entry`=20923;
UPDATE `npc_text` SET `text0_0` = "This monument is dedicated to all those who have fallen in the protection of Stormwind.$B$BOur people have weathered unbelievable hardships to retain their freedoms and to control their own destinies. It is here we remember every sacrifice our citizens have made during the first war that riddled our people." WHERE `ID` = 6062;

-- Add gossip_menu for James' Journal(178526)
UPDATE `gameobject_template` SET `flags`=0 WHERE `entry`=178526;
INSERT INTO `gossip_menu` VALUES ('5062','6104','0');

-- Gossip text for Farmer Saldean
UPDATE `creature_template` SET `gossip_menu_id`=1781 WHERE `entry`=233;

-- Gossip text for Private Thorsen
INSERT INTO `npc_gossip` (`npc_guid`, `textid`) VALUES (2243, 4982);

-- Gossip text for Eldrin
INSERT INTO `gossip_menu` VALUES (4261, 5413, 0);
INSERT INTO `gossip_menu` VALUES (4261, 5414, 372);
INSERT INTO `gossip_menu` VALUES (4261, 5415, 14);
UPDATE `creature_template` SET `gossip_menu_id`=4261 WHERE `entry`=1103;

-- Gossip text for Marek Ironheart
INSERT INTO `conditions` (`condition_entry`, `type`, `value1`, `value2`) VALUES (102, 8, 385, 0);
INSERT INTO `conditions` (`condition_entry`, `type`, `value1`, `value2`) VALUES (103, 8, 531, 0);
INSERT INTO `conditions` (`condition_entry`, `type`, `value1`, `value2`) VALUES (104, -1, 102, 103);
INSERT INTO `gossip_menu` VALUES (2801, 3494, 0);
INSERT INTO `gossip_menu` VALUES (2801, 3495, 104);
UPDATE `creature_template` SET `gossip_menu_id`=2801, `npcflag`=3 WHERE `entry`=1154;

-- Gossip text for Vyrin Swiftwind
INSERT INTO `npc_gossip` (`npc_guid`, `textid`) VALUES (8254, 3523);
UPDATE `creature_template` SET `npcflag`=3 WHERE `entry`=1156;

-- Gossip text for Innkeeper Shaussiy
INSERT INTO `npc_gossip` (`npc_guid`, `textid`) VALUES (37069, 824);

-- Gossip text for Innkeeper Kimlya
INSERT INTO `npc_gossip` (`npc_guid`, `textid`) VALUES (32451, 824);

-- Gossip text for Innkeeper Shyria
INSERT INTO `npc_gossip` (`npc_guid`, `textid`) VALUES (50059, 824);

-- Gossip text for Innkeeper Lyshaerya
INSERT INTO `npc_gossip` (`npc_guid`, `textid`) VALUES (28304, 824);

-- Gossip text for Innkeeper Faralia
INSERT INTO `npc_gossip` (`npc_guid`, `textid`) VALUES (29239, 824);

-- Gossip text for Alchemist Mallory
INSERT INTO `conditions` (`condition_entry`, `type`, `value1`, `value2`) VALUES (361, 7, 171, 50);
INSERT INTO `gossip_menu` VALUES (4110, 5013, 0);
INSERT INTO `gossip_menu` VALUES (4110, 5014, 25);
INSERT INTO `gossip_menu` VALUES (4110, 5015, 361);
UPDATE `creature_template` SET `gossip_menu_id`=4110 WHERE `entry`=1215;

-- Chal Fairwind should not have gossip flag
UPDATE `creature_template` SET `npcflag`=2 WHERE `entry`=11696;

-- PALADIN TRAINERS

-- Gossip text for Brother Sammuel
INSERT INTO `conditions` (`condition_entry`, `type`, `value1`, `value2`) VALUES (106, 14, 0, 2);
INSERT INTO `conditions` (`condition_entry`, `type`, `value1`, `value2`) VALUES (134, -1, 106, 107);
INSERT INTO `gossip_menu` VALUES (4663, 3976, 0);
INSERT INTO `gossip_menu` VALUES (4461, 5673, 0);
INSERT INTO `gossip_menu_option` (`menu_id`, `id`, `option_icon`, `option_text`, `option_id`, `npc_option_npcflag`, `action_menu_id`, `action_poi_id`, `action_script_id`, `box_coded`, `box_money`, `box_text`, `condition_id`) VALUES (4663, 0, 3, 'I would like to train further in the ways of the Light.', 5, 16, 0, 0, 0, 0, 0, '', 0);
INSERT INTO `gossip_menu_option` (`menu_id`, `id`, `option_icon`, `option_text`, `option_id`, `npc_option_npcflag`, `action_menu_id`, `action_poi_id`, `action_script_id`, `box_coded`, `box_money`, `box_text`, `condition_id`) VALUES (4663, 1, 0, 'I wish to unlearn my talents.', 1, 1, 4461, 0, 0, 0, 0, '', 134);
INSERT INTO `gossip_menu_option` (`menu_id`, `id`, `option_icon`, `option_text`, `option_id`, `npc_option_npcflag`, `action_menu_id`, `action_poi_id`, `action_script_id`, `box_coded`, `box_money`, `box_text`, `condition_id`) VALUES (4461, 0, 11, 'Yes. I do.', 16, 16, 0, 0, 0, 0, 0, '', 0);
UPDATE `creature_template` SET `gossip_menu_id`=4663 WHERE `entry`=925;

-- Gossip text for Bromos Grummner
DELETE FROM `npc_gossip` WHERE `npc_guid`=403;
INSERT INTO `conditions` (`condition_entry`, `type`, `value1`, `value2`) VALUES (105, 14, 0, 1533);
INSERT INTO `gossip_menu` VALUES (4678, 3974, 106);
INSERT INTO `gossip_menu` VALUES (4678, 3975, 105);
INSERT INTO `gossip_menu_option` (`menu_id`, `id`, `option_icon`, `option_text`, `option_id`, `npc_option_npcflag`, `action_menu_id`, `action_poi_id`, `action_script_id`, `box_coded`, `box_money`, `box_text`, `condition_id`) VALUES (4678, 0, 3, 'I would like to train further in the ways of the Light.', 5, 16, 0, 0, 0, 0, 0, '', 0);
INSERT INTO `gossip_menu_option` (`menu_id`, `id`, `option_icon`, `option_text`, `option_id`, `npc_option_npcflag`, `action_menu_id`, `action_poi_id`, `action_script_id`, `box_coded`, `box_money`, `box_text`, `condition_id`) VALUES (4678, 1, 0, 'I wish to unlearn my talents.', 1, 1, 4461, 0, 0, 0, 0, '', 134);
UPDATE `creature_template` SET `gossip_menu_id`=4678 WHERE `entry`=926;

-- Gossip text for Brother Wilhelm
DELETE FROM `npc_gossip` WHERE `npc_guid`=80325;
UPDATE `creature_template` SET `gossip_menu_id`=4663 WHERE `entry`=927;

-- Gossip text for Lord Grayson Shadowbreaker
UPDATE `creature_template` SET `gossip_menu_id`=4663 WHERE `entry`=928;

-- Gossip text for Azar Stronghammer
DELETE FROM `npc_gossip` WHERE `npc_guid`=194;
UPDATE `creature_template` SET `gossip_menu_id`=4678 WHERE `entry`=1232;

-- Gossip text for Valgar Highforge
DELETE FROM `npc_gossip` WHERE `npc_guid`=1778;
UPDATE `creature_template` SET `gossip_menu_id`=4678 WHERE `entry`=5147;

-- Gossip text for Beldruk Doombrow
DELETE FROM `npc_gossip` WHERE `npc_guid`=1769;
UPDATE `creature_template` SET `gossip_menu_id`=4678 WHERE `entry`=5148;

-- Gossip text for Brandur Ironhammer
DELETE FROM `npc_gossip` WHERE `npc_guid`=1781;
INSERT INTO `gossip_menu` VALUES (2304, 2999, 0);
INSERT INTO `gossip_menu_option` (`menu_id`, `id`, `option_icon`, `option_text`, `option_id`, `npc_option_npcflag`, `action_menu_id`, `action_poi_id`, `action_script_id`, `box_coded`, `box_money`, `box_text`, `condition_id`) VALUES (2304, 0, 3, 'I would like to train further in the ways of the Light.', 5, 16, 0, 0, 0, 0, 0, '', 0);
INSERT INTO `gossip_menu_option` (`menu_id`, `id`, `option_icon`, `option_text`, `option_id`, `npc_option_npcflag`, `action_menu_id`, `action_poi_id`, `action_script_id`, `box_coded`, `box_money`, `box_text`, `condition_id`) VALUES (2304, 1, 0, 'I wish to unlearn my talents.', 1, 1, 4461, 0, 0, 0, 0, '', 134);
UPDATE `creature_template` SET `gossip_menu_id`=2304 WHERE `entry`=5149;

-- Gossip text for Arthur the Faithful
UPDATE `creature_template` SET `gossip_menu_id`=4663 WHERE `entry`=5491;

-- Gossip text for Katherine the Pure
UPDATE `creature_template` SET `gossip_menu_id`=4663 WHERE `entry`=5492;

-- Gossip text for Brother Karman
UPDATE `creature_template` SET `gossip_menu_id`=4663 WHERE `entry`=8140;

-- END PALADIN TRAINERS

-- ROGUE TRAINERS

-- Gossip text for Jorik Kerridan
DELETE FROM `npc_gossip` WHERE `npc_guid`=79986;
INSERT INTO `conditions` (`condition_entry`, `type`, `value1`, `value2`) VALUES (136, -1, 100, 107);
INSERT INTO `conditions` (`condition_entry`, `type`, `value1`, `value2`) VALUES (100, 14, 0, 8);
INSERT INTO `conditions` (`condition_entry`, `type`, `value1`, `value2`) VALUES (101, 14, 0, 1527);
DELETE FROM `gossip_menu` WHERE `entry`=4659;
INSERT INTO `gossip_menu` VALUES (4659, 4835, 100);
INSERT INTO `gossip_menu` VALUES (4659, 4837, 101);
DELETE FROM `gossip_menu_option` WHERE `menu_id`=4659;
INSERT INTO `gossip_menu_option` (`menu_id`, `id`, `option_icon`, `option_text`, `option_id`, `npc_option_npcflag`, `action_menu_id`, `action_poi_id`, `action_script_id`, `box_coded`, `box_money`, `box_text`, `condition_id`) VALUES (4659, 0, 3, 'Can you train me how to use rogue skills?', 5, 16, 0, 0, 0, 0, 0, '', 0);
INSERT INTO `gossip_menu_option` (`menu_id`, `id`, `option_icon`, `option_text`, `option_id`, `npc_option_npcflag`, `action_menu_id`, `action_poi_id`, `action_script_id`, `box_coded`, `box_money`, `box_text`, `condition_id`) VALUES (4659, 1, 0, 'I wish to unlearn my talents.', 1, 1, 4461, 0, 0, 0, 0, '', 136);
UPDATE `creature_template` SET `gossip_menu_id`=4659 WHERE `entry`=915;

-- Gossip text for Solm Hargrin
DELETE FROM `npc_gossip` WHERE `npc_guid`=421;
INSERT INTO `gossip_menu` VALUES (4676, 4833, 101);
INSERT INTO `gossip_menu` VALUES (4676, 4835, 100);
INSERT INTO `gossip_menu_option` (`menu_id`, `id`, `option_icon`, `option_text`, `option_id`, `npc_option_npcflag`, `action_menu_id`, `action_poi_id`, `action_script_id`, `box_coded`, `box_money`, `box_text`, `condition_id`) VALUES (4676, 0, 3, 'Can you train me how to use rogue skills?', 5, 16, 0, 0, 0, 0, 0, '', 0);
INSERT INTO `gossip_menu_option` (`menu_id`, `id`, `option_icon`, `option_text`, `option_id`, `npc_option_npcflag`, `action_menu_id`, `action_poi_id`, `action_script_id`, `box_coded`, `box_money`, `box_text`, `condition_id`) VALUES (4676, 1, 0, 'I wish to unlearn my talents.', 1, 1, 4461, 0, 0, 0, 0, '', 136);
UPDATE `creature_template` SET `gossip_menu_id`=4676 WHERE `entry`=916;

-- Gossip text for Keryn Sylvius
DELETE FROM `npc_gossip` WHERE `npc_guid`=79645;
INSERT INTO `gossip_menu` VALUES (381, 4795, 100);
INSERT INTO `gossip_menu` VALUES (381, 4799, 101);
INSERT INTO `gossip_menu_option` (`menu_id`, `id`, `option_icon`, `option_text`, `option_id`, `npc_option_npcflag`, `action_menu_id`, `action_poi_id`, `action_script_id`, `box_coded`, `box_money`, `box_text`, `condition_id`) VALUES (381, 0, 3, 'I am in need of training, Keryn.', 5, 16, 0, 0, 0, 0, 0, '', 0);
INSERT INTO `gossip_menu_option` (`menu_id`, `id`, `option_icon`, `option_text`, `option_id`, `npc_option_npcflag`, `action_menu_id`, `action_poi_id`, `action_script_id`, `box_coded`, `box_money`, `box_text`, `condition_id`) VALUES (381, 1, 0, 'I wish to unlearn my talents.', 1, 1, 4461, 0, 0, 0, 0, '', 136);
UPDATE `creature_template` SET `gossip_menu_id`=381 WHERE `entry`=917;

-- Gossip text for Osborne the Night Man
DELETE FROM `npc_gossip` WHERE `npc_guid`=79788;
INSERT INTO `conditions` (`condition_entry`, `type`, `value1`, `value2`) VALUES (168, 15, 24, 1);
INSERT INTO `conditions` (`condition_entry`, `type`, `value1`, `value2`) VALUES (180, 22, 6681, 0);
INSERT INTO `conditions` (`condition_entry`, `type`, `value1`, `value2`) VALUES (181, -1, 100, 168);
INSERT INTO `conditions` (`condition_entry`, `type`, `value1`, `value2`) VALUES (196, -1, 180, 181);
INSERT INTO `conditions` (`condition_entry`, `type`, `value1`, `value2`) VALUES (197, 16, 17126, 1);
INSERT INTO `conditions` (`condition_entry`, `type`, `value1`, `value2`) VALUES (198, -1, 196, 197);
INSERT INTO `gossip_menu` VALUES (4502, 4835, 100);
INSERT INTO `gossip_menu` VALUES (4502, 4837, 101);
INSERT INTO `gossip_menu` VALUES (4502, 5996, 198);
INSERT INTO `gossip_menu_option` (`menu_id`, `id`, `option_icon`, `option_text`, `option_id`, `npc_option_npcflag`, `action_menu_id`, `action_poi_id`, `action_script_id`, `box_coded`, `box_money`, `box_text`, `condition_id`) VALUES (4502, 0, 3, 'Can you train me how to use rogue skills?', 5, 16, 0, 0, 0, 0, 0, '', 0);
INSERT INTO `gossip_menu_option` (`menu_id`, `id`, `option_icon`, `option_text`, `option_id`, `npc_option_npcflag`, `action_menu_id`, `action_poi_id`, `action_script_id`, `box_coded`, `box_money`, `box_text`, `condition_id`) VALUES (4502, 1, 0, 'I wish to unlearn my talents.', 1, 1, 4461, 0, 0, 0, 0, '', 136);
INSERT INTO `gossip_menu_option` (`menu_id`, `id`, `option_icon`, `option_text`, `option_id`, `npc_option_npcflag`, `action_menu_id`, `action_poi_id`, `action_script_id`, `box_coded`, `box_money`, `box_text`, `condition_id`) VALUES (4502, 4, 0, '<Take the letter>', 1, 1, -1, 0, 16, 0, 0, '', 198);
INSERT INTO `gossip_scripts` (`id`, `delay`, `command`, `datalong`, `datalong2`, `datalong3`, `datalong4`, `data_flags`, `dataint`, `dataint2`, `dataint3`, `dataint4`, `x`, `y`, `z`, `o`, `comments`) VALUES (16, 0, 15, 21100, 0, 0, 0, 0, 0, 0, 0, 0, 0, 0, 0, 0, 'Conjure Elegant Letter');
UPDATE `creature_template` SET `gossip_menu_id`=4502, `ScriptName`='' WHERE `entry`=918;

-- Gossip text for Hogral Bakkan
DELETE FROM `npc_gossip` WHERE `npc_guid`=188;
INSERT INTO `gossip_menu` VALUES (410, 4795, 100);
INSERT INTO `gossip_menu` VALUES (410, 907, 101);
INSERT INTO `gossip_menu_option` (`menu_id`, `id`, `option_icon`, `option_text`, `option_id`, `npc_option_npcflag`, `action_menu_id`, `action_poi_id`, `action_script_id`, `box_coded`, `box_money`, `box_text`, `condition_id`) VALUES (410, 0, 3, 'I would like to train.', 5, 16, 0, 0, 0, 0, 0, '', 0);
INSERT INTO `gossip_menu_option` (`menu_id`, `id`, `option_icon`, `option_text`, `option_id`, `npc_option_npcflag`, `action_menu_id`, `action_poi_id`, `action_script_id`, `box_coded`, `box_money`, `box_text`, `condition_id`) VALUES (410, 1, 0, 'I wish to unlearn my talents.', 1, 1, 4461, 0, 0, 0, 0, '', 136);
UPDATE `creature_template` SET `gossip_menu_id`=410 WHERE `entry`=1234;

-- Gossip text for Ormok
DELETE FROM `npc_gossip` WHERE `npc_guid`=6593;
INSERT INTO `gossip_menu` VALUES (4512, 638, 100);
INSERT INTO `gossip_menu` VALUES (4512, 4793, 101);
INSERT INTO `gossip_menu` VALUES (4512, 5996, 198);
INSERT INTO `gossip_menu_option` (`menu_id`, `id`, `option_icon`, `option_text`, `option_id`, `npc_option_npcflag`, `action_menu_id`, `action_poi_id`, `action_script_id`, `box_coded`, `box_money`, `box_text`, `condition_id`) VALUES (4512, 0, 3, 'I would like training.', 5, 16, 0, 0, 0, 0, 0, '', 0);
INSERT INTO `gossip_menu_option` (`menu_id`, `id`, `option_icon`, `option_text`, `option_id`, `npc_option_npcflag`, `action_menu_id`, `action_poi_id`, `action_script_id`, `box_coded`, `box_money`, `box_text`, `condition_id`) VALUES (4512, 1, 0, 'I wish to unlearn my talents.', 1, 1, 4461, 0, 0, 0, 0, '', 136);
INSERT INTO `gossip_menu_option` (`menu_id`, `id`, `option_icon`, `option_text`, `option_id`, `npc_option_npcflag`, `action_menu_id`, `action_poi_id`, `action_script_id`, `box_coded`, `box_money`, `box_text`, `condition_id`) VALUES (4512, 4, 0, '<Take the letter>', 1, 1, -1, 0, 16, 0, 0, '', 198);
UPDATE `creature_template` SET `gossip_menu_id`=4512, `ScriptName`='' WHERE `entry`=3328;

-- Gossip text for Frahun Shadewhisper
DELETE FROM `npc_gossip` WHERE `npc_guid`=46179;
INSERT INTO `gossip_menu` VALUES (4690, 4794, 100);
INSERT INTO `gossip_menu` VALUES (4690, 4796, 101);
INSERT INTO `gossip_menu_option` (`menu_id`, `id`, `option_icon`, `option_text`, `option_id`, `npc_option_npcflag`, `action_menu_id`, `action_poi_id`, `action_script_id`, `box_coded`, `box_money`, `box_text`, `condition_id`) VALUES (4690, 0, 3, 'I seek training.', 5, 16, 0, 0, 0, 0, 0, '', 0);
INSERT INTO `gossip_menu_option` (`menu_id`, `id`, `option_icon`, `option_text`, `option_id`, `npc_option_npcflag`, `action_menu_id`, `action_poi_id`, `action_script_id`, `box_coded`, `box_money`, `box_text`, `condition_id`) VALUES (4690, 1, 0, 'I wish to unlearn my talents.', 1, 1, 4461, 0, 0, 0, 0, '', 136);
UPDATE `creature_template` SET `gossip_menu_id`=4690 WHERE `entry`=3594;

-- Gossip text for Jannok Breezesong
DELETE FROM `gossip_menu` WHERE `entry`=436;
INSERT INTO `gossip_menu` VALUES (436, 4794, 100);
INSERT INTO `gossip_menu` VALUES (436, 4793, 101);
INSERT INTO `gossip_menu_option` (`menu_id`, `id`, `option_icon`, `option_text`, `option_id`, `npc_option_npcflag`, `action_menu_id`, `action_poi_id`, `action_script_id`, `box_coded`, `box_money`, `box_text`, `condition_id`) VALUES (436, 0, 3, 'Hello! I am a Rogue in need of training.', 5, 16, 0, 0, 0, 0, 0, '', 0);
INSERT INTO `gossip_menu_option` (`menu_id`, `id`, `option_icon`, `option_text`, `option_id`, `npc_option_npcflag`, `action_menu_id`, `action_poi_id`, `action_script_id`, `box_coded`, `box_money`, `box_text`, `condition_id`) VALUES (436, 1, 0, 'I wish to unlearn my talents.', 1, 1, 4461, 0, 0, 0, 0, '', 136);
UPDATE `creature_template` SET `gossip_menu_id`=436 WHERE `entry`=3599;

-- Gossip text for Syurna
DELETE FROM `npc_gossip` WHERE `npc_guid`=46312;
DELETE FROM `gossip_menu` WHERE `entry`=4576;
INSERT INTO `gossip_menu` VALUES (4576, 4794, 100);
INSERT INTO `gossip_menu` VALUES (4576, 4793, 101);
INSERT INTO `gossip_menu` VALUES (4576, 5996, 198);
INSERT INTO `gossip_menu_option` (`menu_id`, `id`, `option_icon`, `option_text`, `option_id`, `npc_option_npcflag`, `action_menu_id`, `action_poi_id`, `action_script_id`, `box_coded`, `box_money`, `box_text`, `condition_id`) VALUES (4576, 0, 3, 'I seek training.', 5, 16, 0, 0, 0, 0, 0, '', 0);
INSERT INTO `gossip_menu_option` (`menu_id`, `id`, `option_icon`, `option_text`, `option_id`, `npc_option_npcflag`, `action_menu_id`, `action_poi_id`, `action_script_id`, `box_coded`, `box_money`, `box_text`, `condition_id`) VALUES (4576, 1, 0, 'I wish to unlearn my talents.', 1, 1, 4461, 0, 0, 0, 0, '', 136);
INSERT INTO `gossip_menu_option` (`menu_id`, `id`, `option_icon`, `option_text`, `option_id`, `npc_option_npcflag`, `action_menu_id`, `action_poi_id`, `action_script_id`, `box_coded`, `box_money`, `box_text`, `condition_id`) VALUES (4576, 4, 0, '<Take the letter>', 1, 1, -1, 0, 16, 0, 0, '', 198);
UPDATE `creature_template` SET `gossip_menu_id`=4576, `ScriptName`='' WHERE `entry`=4163;

-- Gossip text for Erion Shadewhisper
DELETE FROM `npc_gossip` WHERE `npc_guid`=46469;
UPDATE `creature_template` SET `gossip_menu_id`=4576 WHERE `entry`=4214;

-- Gossip text for Anishar
DELETE FROM `npc_gossip` WHERE `npc_guid`=46470;
UPDATE `creature_template` SET `gossip_menu_id`=4576 WHERE `entry`=4215;

-- Gossip text for Miles Dexter
DELETE FROM `npc_gossip` WHERE `npc_guid`=31885;
INSERT INTO `gossip_menu` VALUES (4540, 581, 100);
INSERT INTO `gossip_menu` VALUES (4540, 4796, 101);
INSERT INTO `gossip_menu` VALUES (4540, 5996, 198);
INSERT INTO `gossip_menu_option` (`menu_id`, `id`, `option_icon`, `option_text`, `option_id`, `npc_option_npcflag`, `action_menu_id`, `action_poi_id`, `action_script_id`, `box_coded`, `box_money`, `box_text`, `condition_id`) VALUES (4540, 0, 3, 'I would like to train.', 5, 16, 0, 0, 0, 0, 0, '', 0);
INSERT INTO `gossip_menu_option` (`menu_id`, `id`, `option_icon`, `option_text`, `option_id`, `npc_option_npcflag`, `action_menu_id`, `action_poi_id`, `action_script_id`, `box_coded`, `box_money`, `box_text`, `condition_id`) VALUES (4540, 1, 0, 'I wish to unlearn my talents.', 1, 1, 4461, 0, 0, 0, 0, '', 136);
INSERT INTO `gossip_menu_option` (`menu_id`, `id`, `option_icon`, `option_text`, `option_id`, `npc_option_npcflag`, `action_menu_id`, `action_poi_id`, `action_script_id`, `box_coded`, `box_money`, `box_text`, `condition_id`) VALUES (4540, 4, 0, '<Take the letter>', 1, 1, -1, 0, 16, 0, 0, '', 198);
UPDATE `creature_template` SET `gossip_menu_id`=4540, `ScriptName`='' WHERE `entry`=4583;

-- Gossip text for Hulfdan Blackbeard
DELETE FROM `npc_gossip` WHERE `npc_guid`=1810;
INSERT INTO `gossip_menu` VALUES (411, 908, 100);
INSERT INTO `gossip_menu` VALUES (411, 4798, 101);
INSERT INTO `gossip_menu` VALUES (411, 5996, 198);
INSERT INTO `gossip_menu_option` (`menu_id`, `id`, `option_icon`, `option_text`, `option_id`, `npc_option_npcflag`, `action_menu_id`, `action_poi_id`, `action_script_id`, `box_coded`, `box_money`, `box_text`, `condition_id`) VALUES (411, 0, 3, 'Good day, Hulfdan, I am looking for training.', 5, 16, 0, 0, 0, 0, 0, '', 0);
INSERT INTO `gossip_menu_option` (`menu_id`, `id`, `option_icon`, `option_text`, `option_id`, `npc_option_npcflag`, `action_menu_id`, `action_poi_id`, `action_script_id`, `box_coded`, `box_money`, `box_text`, `condition_id`) VALUES (411, 1, 0, 'I wish to unlearn my talents.', 1, 1, 4461, 0, 0, 0, 0, '', 136);
INSERT INTO `gossip_menu_option` (`menu_id`, `id`, `option_icon`, `option_text`, `option_id`, `npc_option_npcflag`, `action_menu_id`, `action_poi_id`, `action_script_id`, `box_coded`, `box_money`, `box_text`, `condition_id`) VALUES (411, 4, 0, '<Take the letter>', 1, 1, -1, 0, 16, 0, 0, '', 198);
UPDATE `creature_template` SET `gossip_menu_id`=411, `ScriptName`='' WHERE `entry`=5165;

-- Gossip text for Ormyr Flinteye
DELETE FROM `npc_gossip` WHERE `npc_guid`=1806;
INSERT INTO `gossip_menu` VALUES (4562, 4834, 100);
INSERT INTO `gossip_menu` VALUES (4562, 4833, 101);
INSERT INTO `gossip_menu_option` (`menu_id`, `id`, `option_icon`, `option_text`, `option_id`, `npc_option_npcflag`, `action_menu_id`, `action_poi_id`, `action_script_id`, `box_coded`, `box_money`, `box_text`, `condition_id`) VALUES (4562, 0, 3, 'I\'m lookin\' for rogue trainin\'.', 5, 16, 0, 0, 0, 0, 0, '', 0);
INSERT INTO `gossip_menu_option` (`menu_id`, `id`, `option_icon`, `option_text`, `option_id`, `npc_option_npcflag`, `action_menu_id`, `action_poi_id`, `action_script_id`, `box_coded`, `box_money`, `box_text`, `condition_id`) VALUES (4562, 1, 0, 'I wish to unlearn my talents.', 1, 1, 4461, 0, 0, 0, 0, '', 136);
UPDATE `creature_template` SET `gossip_menu_id`=4562 WHERE `entry`=5166;

-- Gossip text for Fenthwick
DELETE FROM `npc_gossip` WHERE `npc_guid`=1809;
INSERT INTO `gossip_menu` VALUES (4561, 5695, 100);
INSERT INTO `gossip_menu` VALUES (4561, 4833, 101);
INSERT INTO `gossip_menu` VALUES (4561, 5996, 198);
INSERT INTO `gossip_menu_option` (`menu_id`, `id`, `option_icon`, `option_text`, `option_id`, `npc_option_npcflag`, `action_menu_id`, `action_poi_id`, `action_script_id`, `box_coded`, `box_money`, `box_text`, `condition_id`) VALUES (4561, 0, 3, 'I\'m lookin\' for rogue trainin\'.', 5, 16, 0, 0, 0, 0, 0, '', 0);
INSERT INTO `gossip_menu_option` (`menu_id`, `id`, `option_icon`, `option_text`, `option_id`, `npc_option_npcflag`, `action_menu_id`, `action_poi_id`, `action_script_id`, `box_coded`, `box_money`, `box_text`, `condition_id`) VALUES (4561, 1, 0, 'I wish to unlearn my talents.', 1, 1, 4461, 0, 0, 0, 0, '', 136);
INSERT INTO `gossip_menu_option` (`menu_id`, `id`, `option_icon`, `option_text`, `option_id`, `npc_option_npcflag`, `action_menu_id`, `action_poi_id`, `action_script_id`, `box_coded`, `box_money`, `box_text`, `condition_id`) VALUES (4561, 4, 0, '<Take the letter>', 1, 1, -1, 0, 16, 0, 0, '', 198);
UPDATE `creature_template` SET `gossip_menu_id`=4561, `ScriptName`='' WHERE `entry`=5167;

-- Gossip text for Lord Tony Romano
DELETE FROM `npc_gossip` WHERE `npc_guid`=79787;
UPDATE `creature_template` SET `gossip_menu_id`=4502, `ScriptName`='' WHERE `entry`=13283;

-- END ROGUE TRAINERS

-- WARRIOR TRAINERS

-- Gossip text for Llane Beshere
DELETE FROM `npc_gossip` WHERE `npc_guid`=79964;
INSERT INTO `conditions` (`condition_entry`, `type`, `value1`, `value2`) VALUES (133, -1, 98, 107);
INSERT INTO `conditions` (`condition_entry`, `type`, `value1`, `value2`) VALUES (98, 14, 0, 1);
INSERT INTO `conditions` (`condition_entry`, `type`, `value1`, `value2`) VALUES (99, 14, 0, 1534);
INSERT INTO `gossip_menu` VALUES (4650, 1216, 98);
INSERT INTO `gossip_menu` VALUES (4650, 5721, 99);
INSERT INTO `gossip_menu_option` (`menu_id`, `id`, `option_icon`, `option_text`, `option_id`, `npc_option_npcflag`, `action_menu_id`, `action_poi_id`, `action_script_id`, `box_coded`, `box_money`, `box_text`, `condition_id`) VALUES (4650, 0, 3, 'I require warrior training.', 5, 16, 0, 0, 0, 0, 0, '', 0);
INSERT INTO `gossip_menu_option` (`menu_id`, `id`, `option_icon`, `option_text`, `option_id`, `npc_option_npcflag`, `action_menu_id`, `action_poi_id`, `action_script_id`, `box_coded`, `box_money`, `box_text`, `condition_id`) VALUES (4650, 1, 0, 'I wish to unlearn my talents.', 1, 1, 4461, 0, 0, 0, 0, '', 133);
UPDATE `creature_template` SET `gossip_menu_id`=4650 WHERE `entry`=911;

-- Gossip text for Thran Khorman
INSERT INTO `gossip_menu` VALUES (4684, 1215, 98);
INSERT INTO `gossip_menu` VALUES (4684, 5724, 99);
INSERT INTO `gossip_menu_option` (`menu_id`, `id`, `option_icon`, `option_text`, `option_id`, `npc_option_npcflag`, `action_menu_id`, `action_poi_id`, `action_script_id`, `box_coded`, `box_money`, `box_text`, `condition_id`) VALUES (4684, 0, 3, 'I require warrior training.', 5, 16, 0, 0, 0, 0, 0, '', 0);
INSERT INTO `gossip_menu_option` (`menu_id`, `id`, `option_icon`, `option_text`, `option_id`, `npc_option_npcflag`, `action_menu_id`, `action_poi_id`, `action_script_id`, `box_coded`, `box_money`, `box_text`, `condition_id`) VALUES (4684, 1, 0, 'I wish to unlearn my talents.', 1, 1, 4461, 0, 0, 0, 0, '', 133);
UPDATE `creature_template` SET `gossip_menu_id`=4684 WHERE `entry`=912;

-- Gossip text for Lyria Du Lac
DELETE FROM `npc_gossip` WHERE `npc_guid`=80333;
UPDATE `creature_template` SET `gossip_menu_id`=4650 WHERE `entry`=913;

-- Gossip text for Ander Germaine
DELETE FROM `npc_gossip` WHERE `npc_guid`=79780;
UPDATE `creature_template` SET `gossip_menu_id`=4650 WHERE `entry`=914;

-- Gossip text for Malosh
DELETE FROM `npc_gossip` WHERE `npc_guid`=34156;
DELETE FROM `gossip_menu` WHERE `entry`=523;
INSERT INTO `gossip_menu` VALUES (523, 1040, 98);
INSERT INTO `gossip_menu` VALUES (523, 4985, 99);
INSERT INTO `gossip_menu_option` (`menu_id`, `id`, `option_icon`, `option_text`, `option_id`, `npc_option_npcflag`, `action_menu_id`, `action_poi_id`, `action_script_id`, `box_coded`, `box_money`, `box_text`, `condition_id`) VALUES (523, 0, 3, 'I require warrior training.', 5, 16, 0, 0, 0, 0, 0, '', 0);
INSERT INTO `gossip_menu_option` (`menu_id`, `id`, `option_icon`, `option_text`, `option_id`, `npc_option_npcflag`, `action_menu_id`, `action_poi_id`, `action_script_id`, `box_coded`, `box_money`, `box_text`, `condition_id`) VALUES (523, 1, 0, 'I wish to unlearn my talents.', 1, 1, 4461, 0, 0, 0, 0, '', 133);
UPDATE `creature_template` SET `gossip_menu_id`=523 WHERE `entry`=985;

-- Gossip text for Granis Swiftaxe
DELETE FROM `npc_gossip` WHERE `npc_guid`=196;
UPDATE `creature_template` SET `gossip_menu_id`=4684 WHERE `entry`=1229;

-- Gossip text for Kelstrum Stonebreaker
DELETE FROM `npc_gossip` WHERE `npc_guid`=83;
UPDATE `creature_template` SET `gossip_menu_id`=4684 WHERE `entry`=1901;

-- Gossip text for Dannal Stern
DELETE FROM `npc_gossip` WHERE `npc_guid`=28464;
INSERT INTO `gossip_menu` VALUES (4653, 1219, 98);
INSERT INTO `gossip_menu` VALUES (4653, 4984, 99);
INSERT INTO `gossip_menu_option` (`menu_id`, `id`, `option_icon`, `option_text`, `option_id`, `npc_option_npcflag`, `action_menu_id`, `action_poi_id`, `action_script_id`, `box_coded`, `box_money`, `box_text`, `condition_id`) VALUES (4653, 0, 3, 'I require warrior training.', 5, 16, 0, 0, 0, 0, 0, '', 0);
INSERT INTO `gossip_menu_option` (`menu_id`, `id`, `option_icon`, `option_text`, `option_id`, `npc_option_npcflag`, `action_menu_id`, `action_poi_id`, `action_script_id`, `box_coded`, `box_money`, `box_text`, `condition_id`) VALUES (4653, 1, 0, 'I wish to unlearn my talents.', 1, 1, 4461, 0, 0, 0, 0, '', 133);
UPDATE `creature_template` SET `gossip_menu_id`=4653 WHERE `entry`=2119;

-- Gossip text for Austil de Mon
DELETE FROM `npc_gossip` WHERE `npc_guid`=33720;
UPDATE `creature_template` SET `gossip_menu_id`=4653 WHERE `entry`=2131;

-- Gossip text for Torm Ragetotem
DELETE FROM `npc_gossip` WHERE `npc_guid`=26759;
INSERT INTO `gossip_menu` VALUES (4526, 1218, 98);
INSERT INTO `gossip_menu` VALUES (4526, 4973, 99);
INSERT INTO `gossip_menu_option` (`menu_id`, `id`, `option_icon`, `option_text`, `option_id`, `npc_option_npcflag`, `action_menu_id`, `action_poi_id`, `action_script_id`, `box_coded`, `box_money`, `box_text`, `condition_id`) VALUES (4526, 0, 3, 'I require warrior training.', 5, 16, 0, 0, 0, 0, 0, '', 0);
INSERT INTO `gossip_menu_option` (`menu_id`, `id`, `option_icon`, `option_text`, `option_id`, `npc_option_npcflag`, `action_menu_id`, `action_poi_id`, `action_script_id`, `box_coded`, `box_money`, `box_text`, `condition_id`) VALUES (4526, 1, 0, 'I wish to unlearn my talents.', 1, 1, 4461, 0, 0, 0, 0, '', 133);
UPDATE `creature_template` SET `gossip_menu_id`=4526 WHERE `entry`=3041;

-- Gossip for Sark Ragetotem
DELETE FROM `npc_gossip` WHERE `npc_guid`=26768;
UPDATE `creature_template` SET `gossip_menu_id`=4526 WHERE `entry`=3042;

-- Gossip for Ker Ragetotem
DELETE FROM `npc_gossip` WHERE `npc_guid`=26770;
UPDATE `creature_template` SET `gossip_menu_id`=4526 WHERE `entry`=3043;

-- Gossip for Harutt Thunderhorn
DELETE FROM `npc_gossip` WHERE `npc_guid`=26897;
UPDATE `creature_template` SET `gossip_menu_id`=4526 WHERE `entry`=3059;

-- Gossip for Krang Stonehoof
DELETE FROM `npc_gossip` WHERE `npc_guid`=26902;
UPDATE `creature_template` SET `gossip_menu_id`=4526 WHERE `entry`=3063;

-- Gossip for Frang
DELETE FROM `npc_gossip` WHERE `npc_guid`=7651;
UPDATE `creature_template` SET `gossip_menu_id`=523 WHERE `entry`=3153;

-- Gossip for Tarshaw Jaggedscar
DELETE FROM `npc_gossip` WHERE `npc_guid`=7291;
UPDATE `creature_template` SET `gossip_menu_id`=523 WHERE `entry`=3169;

-- Gossip for Grezz Ragefist
DELETE FROM `npc_gossip` WHERE `npc_guid`=7971;
UPDATE `creature_template` SET `gossip_menu_id`=523 WHERE `entry`=3353;

-- Gossip for Sorek
DELETE FROM `npc_gossip` WHERE `npc_guid`=7443;
UPDATE `creature_template` SET `gossip_menu_id`=523 WHERE `entry`=3354;

-- Gossip text for Zel'mak
DELETE FROM `npc_gossip` WHERE `npc_guid`=6610;
INSERT INTO `gossip_menu` VALUES (4510, 4987, 98);
INSERT INTO `gossip_menu` VALUES (4510, 4986, 99);
INSERT INTO `gossip_menu_option` (`menu_id`, `id`, `option_icon`, `option_text`, `option_id`, `npc_option_npcflag`, `action_menu_id`, `action_poi_id`, `action_script_id`, `box_coded`, `box_money`, `box_text`, `condition_id`) VALUES (4510, 0, 3, 'I require warrior training.', 5, 16, 0, 0, 0, 0, 0, '', 0);
INSERT INTO `gossip_menu_option` (`menu_id`, `id`, `option_icon`, `option_text`, `option_id`, `npc_option_npcflag`, `action_menu_id`, `action_poi_id`, `action_script_id`, `box_coded`, `box_money`, `box_text`, `condition_id`) VALUES (4510, 1, 0, 'I wish to unlearn my talents.', 1, 1, 4461, 0, 0, 0, 0, '', 133);
UPDATE `creature_template` SET `gossip_menu_id`=4510 WHERE `entry`=3408;

-- Gossip text for Alyissia
DELETE FROM `npc_gossip` WHERE `npc_guid`=46178;
DELETE FROM `gossip_menu` WHERE `entry`=4697;
INSERT INTO `gossip_menu` VALUES (4697, 1217, 98);
INSERT INTO `gossip_menu` VALUES (4697, 5725, 99);
INSERT INTO `gossip_menu_option` (`menu_id`, `id`, `option_icon`, `option_text`, `option_id`, `npc_option_npcflag`, `action_menu_id`, `action_poi_id`, `action_script_id`, `box_coded`, `box_money`, `box_text`, `condition_id`) VALUES (4697, 0, 3, 'I require warrior training.', 5, 16, 0, 0, 0, 0, 0, '', 0);
INSERT INTO `gossip_menu_option` (`menu_id`, `id`, `option_icon`, `option_text`, `option_id`, `npc_option_npcflag`, `action_menu_id`, `action_poi_id`, `action_script_id`, `box_coded`, `box_money`, `box_text`, `condition_id`) VALUES (4697, 1, 0, 'I wish to unlearn my talents.', 1, 1, 4461, 0, 0, 0, 0, '', 133);
UPDATE `creature_template` SET `gossip_menu_id`=4697 WHERE `entry`=3593;

-- Gossip for Kyra Windblade
DELETE FROM `npc_gossip` WHERE `npc_guid`=46184;
UPDATE `creature_template` SET `gossip_menu_id`=4697 WHERE `entry`=3598;

-- Gossip for Arias'ta Bladesinger
DELETE FROM `npc_gossip` WHERE `npc_guid`=49851;
UPDATE `creature_template` SET `gossip_menu_id`=4697 WHERE `entry`=4087;

-- Gossip for Sildanair
UPDATE `creature_template` SET `gossip_menu_id`=4697 WHERE `entry`=4089;

-- Gossip for Christoph Walker
DELETE FROM `npc_gossip` WHERE `npc_guid`=31897;
UPDATE `creature_template` SET `gossip_menu_id`=4653 WHERE `entry`=4593;

-- Gossip for Angela Curthas
DELETE FROM `npc_gossip` WHERE `npc_guid`=41841;
UPDATE `creature_template` SET `gossip_menu_id`=4653 WHERE `entry`=4594;

-- Gossip for Baltus Fowler
DELETE FROM `npc_gossip` WHERE `npc_guid`=38128;
UPDATE `creature_template` SET `gossip_menu_id`=4653 WHERE `entry`=4595;

-- Gossip for Kelv Sternhammer
DELETE FROM `npc_gossip` WHERE `npc_guid`=2019;
UPDATE `creature_template` SET `gossip_menu_id`=4684 WHERE `entry`=5113;

-- Gossip text for Bilban Tosslespanner
DELETE FROM `npc_gossip` WHERE `npc_guid`=84;
INSERT INTO `gossip_menu` VALUES (4568, 4989, 98);
INSERT INTO `gossip_menu` VALUES (4568, 4988, 99);
INSERT INTO `gossip_menu_option` (`menu_id`, `id`, `option_icon`, `option_text`, `option_id`, `npc_option_npcflag`, `action_menu_id`, `action_poi_id`, `action_script_id`, `box_coded`, `box_money`, `box_text`, `condition_id`) VALUES (4568, 0, 3, 'I require warrior training.', 5, 16, 0, 0, 0, 0, 0, '', 0);
INSERT INTO `gossip_menu_option` (`menu_id`, `id`, `option_icon`, `option_text`, `option_id`, `npc_option_npcflag`, `action_menu_id`, `action_poi_id`, `action_script_id`, `box_coded`, `box_money`, `box_text`, `condition_id`) VALUES (4568, 1, 0, 'I wish to unlearn my talents.', 1, 1, 4461, 0, 0, 0, 0, '', 133);
UPDATE `creature_template` SET `gossip_menu_id`=4568 WHERE `entry`=5114;

-- Gossip for Wu Shen
DELETE FROM `npc_gossip` WHERE `npc_guid`=79779;
UPDATE `creature_template` SET `gossip_menu_id`=4650 WHERE `entry`=5479;

-- Gossip for Ilsa Corbin
DELETE FROM `npc_gossip` WHERE `npc_guid`=79778;
UPDATE `creature_template` SET `gossip_menu_id`=4650 WHERE `entry`=5480;

-- Gossip for Darnath Bladesinger
DELETE FROM `npc_gossip` WHERE `npc_guid`=46809;
UPDATE `creature_template` SET `gossip_menu_id`=4697 WHERE `entry`=7315;

-- Gossip text for Captain Evencane
INSERT INTO `gossip_menu` VALUES (4091, 4992, 98);
INSERT INTO `gossip_menu` VALUES (4091, 4991, 99);
INSERT INTO `gossip_menu_option` (`menu_id`, `id`, `option_icon`, `option_text`, `option_id`, `npc_option_npcflag`, `action_menu_id`, `action_poi_id`, `action_script_id`, `box_coded`, `box_money`, `box_text`, `condition_id`) VALUES (4091, 0, 3, 'Yes. I have.', 5, 16, 0, 0, 0, 0, 0, '', 0);
INSERT INTO `gossip_menu_option` (`menu_id`, `id`, `option_icon`, `option_text`, `option_id`, `npc_option_npcflag`, `action_menu_id`, `action_poi_id`, `action_script_id`, `box_coded`, `box_money`, `box_text`, `condition_id`) VALUES (4091, 1, 0, 'I wish to unlearn my talents.', 1, 1, 4461, 0, 0, 0, 0, '', 133);
UPDATE `creature_template` SET `gossip_menu_id`=4091 WHERE `entry`=8141;

-- END WARRIOR TRAINERS

-- HUNTER TRAINERS

-- Gossip text for Nalesette Wildbringer (Pet Trainer)
INSERT INTO `conditions` (`condition_entry`, `type`, `value1`, `value2`) VALUES (96, 14, 0, 4);
INSERT INTO `conditions` (`condition_entry`, `type`, `value1`, `value2`) VALUES (97, 14, 0, 1531);
DELETE FROM `gossip_menu` WHERE `entry`=4783;
INSERT INTO `gossip_menu` VALUES (4783, 5838, 96);
INSERT INTO `gossip_menu` VALUES (4783, 5839, 97);
INSERT INTO `gossip_menu_option` (`menu_id`, `id`, `option_icon`, `option_text`, `option_id`, `npc_option_npcflag`, `action_menu_id`, `action_poi_id`, `action_script_id`, `box_coded`, `box_money`, `box_text`, `condition_id`) VALUES (4783, 1, 3, 'How do I train my pet?', 5, 16, 0, 0, 0, 0, 0, NULL, 0);
INSERT INTO `gossip_menu_option` (`menu_id`, `id`, `option_icon`, `option_text`, `option_id`, `npc_option_npcflag`, `action_menu_id`, `action_poi_id`, `action_script_id`, `box_coded`, `box_money`, `box_text`, `condition_id`) VALUES (4783, 2, 0, 'I wish to untrain my pet.', 17, 16, 0, 0, 0, 0, 0, NULL, 0);
UPDATE `creature_template` SET `gossip_menu_id`=4783 WHERE `entry`=543;

-- Gossip text for Thorgas Grimson
DELETE FROM `npc_gossip` WHERE `npc_guid`=407;
INSERT INTO `conditions` (`condition_entry`, `type`, `value1`, `value2`) VALUES (135, -1, 96, 107);
INSERT INTO `gossip_menu` VALUES (4675, 4999, 96);
INSERT INTO `gossip_menu` VALUES (4675, 5000, 97);
INSERT INTO `gossip_menu_option` (`menu_id`, `id`, `option_icon`, `option_text`, `option_id`, `npc_option_npcflag`, `action_menu_id`, `action_poi_id`, `action_script_id`, `box_coded`, `box_money`, `box_text`, `condition_id`) VALUES (4675, 0, 3, 'I seek training in the ways of the Hunter.', 5, 16, 0, 0, 0, 0, 0, '', 0);
INSERT INTO `gossip_menu_option` (`menu_id`, `id`, `option_icon`, `option_text`, `option_id`, `npc_option_npcflag`, `action_menu_id`, `action_poi_id`, `action_script_id`, `box_coded`, `box_money`, `box_text`, `condition_id`) VALUES (4675, 1, 0, 'I wish to unlearn my talents.', 1, 1, 4461, 0, 0, 0, 0, '', 135);
UPDATE `creature_template` SET `gossip_menu_id`=4675 WHERE `entry`=895;

-- Gossip text for Ogromm
DELETE FROM `npc_gossip` WHERE `npc_guid`=31949;
INSERT INTO `gossip_menu` VALUES (4101, 5001, 96);
INSERT INTO `gossip_menu` VALUES (4101, 5002, 97);
INSERT INTO `gossip_menu_option` (`menu_id`, `id`, `option_icon`, `option_text`, `option_id`, `npc_option_npcflag`, `action_menu_id`, `action_poi_id`, `action_script_id`, `box_coded`, `box_money`, `box_text`, `condition_id`) VALUES (4101, 0, 3, 'I seek training in the ways of the Hunter.', 5, 16, 0, 0, 0, 0, 0, '', 0);
INSERT INTO `gossip_menu_option` (`menu_id`, `id`, `option_icon`, `option_text`, `option_id`, `npc_option_npcflag`, `action_menu_id`, `action_poi_id`, `action_script_id`, `box_coded`, `box_money`, `box_text`, `condition_id`) VALUES (4101, 1, 0, 'I wish to unlearn my talents.', 1, 1, 4461, 0, 0, 0, 0, '', 135);
UPDATE `creature_template` SET `gossip_menu_id`=4101 WHERE `entry`=987;

-- Gossip text for Grif Wildheart
UPDATE `creature_template` SET `gossip_menu_id`=4675 WHERE `entry`=1231;

-- Gossip text for Kragg
DELETE FROM `npc_gossip` WHERE `npc_guid`=364;
UPDATE `creature_template` SET `gossip_menu_id`=4101 WHERE `entry`=1404;

-- Gossip text for Peria Lamenur (Pet Trainer)
DELETE FROM `npc_gossip` WHERE `npc_guid`=223;
UPDATE `creature_template` SET `gossip_menu_id`=4783 WHERE `entry`=2878;

-- Gossip text for Karrina Mekenda (Pet Trainer)
UPDATE `creature_template` SET `gossip_menu_id`=4783 WHERE `entry`=2879;

-- Gossip text for Kary Thunderhorn
DELETE FROM `npc_gossip` WHERE `npc_guid`=26755;
INSERT INTO `gossip_menu` VALUES (4011, 4867, 96);
INSERT INTO `gossip_menu` VALUES (4011, 4998, 97);
INSERT INTO `gossip_menu_option` (`menu_id`, `id`, `option_icon`, `option_text`, `option_id`, `npc_option_npcflag`, `action_menu_id`, `action_poi_id`, `action_script_id`, `box_coded`, `box_money`, `box_text`, `condition_id`) VALUES (4011, 0, 3, 'I seek training in the ways of the Hunter.', 5, 16, 0, 0, 0, 0, 0, '', 0);
INSERT INTO `gossip_menu_option` (`menu_id`, `id`, `option_icon`, `option_text`, `option_id`, `npc_option_npcflag`, `action_menu_id`, `action_poi_id`, `action_script_id`, `box_coded`, `box_money`, `box_text`, `condition_id`) VALUES (4011, 1, 0, 'I wish to unlearn my talents.', 1, 1, 4461, 0, 0, 0, 0, '', 135);
UPDATE `creature_template` SET `gossip_menu_id`=4011 WHERE `entry`=3038;

-- Gossip text for Holt Thunderhorn
DELETE FROM `npc_gossip` WHERE `npc_guid`=26756;
INSERT INTO `gossip_menu` VALUES (4023, 4889, 96);
INSERT INTO `gossip_menu` VALUES (4023, 4996, 97);
INSERT INTO `gossip_menu_option` (`menu_id`, `id`, `option_icon`, `option_text`, `option_id`, `npc_option_npcflag`, `action_menu_id`, `action_poi_id`, `action_script_id`, `box_coded`, `box_money`, `box_text`, `condition_id`) VALUES (4023, 0, 3, 'I seek training in the ways of the Hunter.', 5, 16, 0, 0, 0, 0, 0, '', 0);
INSERT INTO `gossip_menu_option` (`menu_id`, `id`, `option_icon`, `option_text`, `option_id`, `npc_option_npcflag`, `action_menu_id`, `action_poi_id`, `action_script_id`, `box_coded`, `box_money`, `box_text`, `condition_id`) VALUES (4023, 1, 0, 'I wish to unlearn my talents.', 1, 1, 4461, 0, 0, 0, 0, '', 135);
UPDATE `creature_template` SET `gossip_menu_id`=4023 WHERE `entry`=3039;

-- Gossip text for Urek Thunderhorn
DELETE FROM `npc_gossip` WHERE `npc_guid`=26758;
INSERT INTO `gossip_menu` VALUES (4524, 4997, 96);
INSERT INTO `gossip_menu` VALUES (4524, 4998, 97);
INSERT INTO `gossip_menu_option` (`menu_id`, `id`, `option_icon`, `option_text`, `option_id`, `npc_option_npcflag`, `action_menu_id`, `action_poi_id`, `action_script_id`, `box_coded`, `box_money`, `box_text`, `condition_id`) VALUES (4524, 0, 3, 'I seek training in the ways of the Hunter.', 5, 16, 0, 0, 0, 0, 0, '', 0);
INSERT INTO `gossip_menu_option` (`menu_id`, `id`, `option_icon`, `option_text`, `option_id`, `npc_option_npcflag`, `action_menu_id`, `action_poi_id`, `action_script_id`, `box_coded`, `box_money`, `box_text`, `condition_id`) VALUES (4524, 1, 0, 'I wish to unlearn my talents.', 1, 1, 4461, 0, 0, 0, 0, '', 135);
UPDATE `creature_template` SET `gossip_menu_id`=4524 WHERE `entry`=3040;

-- Gossip text for Lanka Farshot
DELETE FROM `npc_gossip` WHERE `npc_guid`=26899;
UPDATE `creature_template` SET `gossip_menu_id`=4524 WHERE `entry`=3061;

-- Gossip text for Yaw Sharpmane
DELETE FROM `npc_gossip` WHERE `npc_guid`=26905;
INSERT INTO `gossip_menu` VALUES (4012, 4868, 96);
INSERT INTO `gossip_menu` VALUES (4012, 4998, 97);
INSERT INTO `gossip_menu_option` (`menu_id`, `id`, `option_icon`, `option_text`, `option_id`, `npc_option_npcflag`, `action_menu_id`, `action_poi_id`, `action_script_id`, `box_coded`, `box_money`, `box_text`, `condition_id`) VALUES (4012, 0, 3, 'I seek training in the ways of the Hunter.', 5, 16, 0, 0, 0, 0, 0, '', 0);
INSERT INTO `gossip_menu_option` (`menu_id`, `id`, `option_icon`, `option_text`, `option_id`, `npc_option_npcflag`, `action_menu_id`, `action_poi_id`, `action_script_id`, `box_coded`, `box_money`, `box_text`, `condition_id`) VALUES (4012, 1, 0, 'I wish to unlearn my talents.', 1, 1, 4461, 0, 0, 0, 0, '', 135);
UPDATE `creature_template` SET `gossip_menu_id`=4012 WHERE `entry`=3065;

-- Gossip text for Jen'shan
DELETE FROM `npc_gossip` WHERE `npc_guid`=7649;
INSERT INTO `gossip_menu` VALUES (4648, 4987, 96);
INSERT INTO `gossip_menu` VALUES (4648, 5004, 97);
INSERT INTO `gossip_menu_option` (`menu_id`, `id`, `option_icon`, `option_text`, `option_id`, `npc_option_npcflag`, `action_menu_id`, `action_poi_id`, `action_script_id`, `box_coded`, `box_money`, `box_text`, `condition_id`) VALUES (4648, 0, 3, 'I seek training in the ways of the Hunter.', 5, 16, 0, 0, 0, 0, 0, '', 0);
INSERT INTO `gossip_menu_option` (`menu_id`, `id`, `option_icon`, `option_text`, `option_id`, `npc_option_npcflag`, `action_menu_id`, `action_poi_id`, `action_script_id`, `box_coded`, `box_money`, `box_text`, `condition_id`) VALUES (4648, 1, 0, 'I wish to unlearn my talents.', 1, 1, 4461, 0, 0, 0, 0, '', 135);
UPDATE `creature_template` SET `gossip_menu_id`=4648 WHERE `entry`=3154;

-- Gossip text for Thotar
DELETE FROM `npc_gossip` WHERE `npc_guid`=7293;
INSERT INTO `gossip_menu` VALUES (4017, 4888, 0);
INSERT INTO `gossip_menu_option` (`menu_id`, `id`, `option_icon`, `option_text`, `option_id`, `npc_option_npcflag`, `action_menu_id`, `action_poi_id`, `action_script_id`, `box_coded`, `box_money`, `box_text`, `condition_id`) VALUES (4017, 0, 3, 'I seek training in the ways of the Hunter.', 5, 16, 0, 0, 0, 0, 0, '', 0);
INSERT INTO `gossip_menu_option` (`menu_id`, `id`, `option_icon`, `option_text`, `option_id`, `npc_option_npcflag`, `action_menu_id`, `action_poi_id`, `action_script_id`, `box_coded`, `box_money`, `box_text`, `condition_id`) VALUES (4017, 1, 0, 'I wish to unlearn my talents.', 1, 1, 4461, 0, 0, 0, 0, '', 135);
UPDATE `creature_template` SET `gossip_menu_id`=4017 WHERE `entry`=3171;

-- Gossip text for Keldas (Pet Trainer)
UPDATE `creature_template` SET `gossip_menu_id`=4783 WHERE `entry`=3306;

-- Gossip text for Ormak Grimshot
DELETE FROM `npc_gossip` WHERE `npc_guid`=7449;
DELETE FROM `gossip_menu` WHERE `entry`=4010;
INSERT INTO `gossip_menu` VALUES (4010, 4866, 96);
INSERT INTO `gossip_menu` VALUES (4010, 5003, 97);
INSERT INTO `gossip_menu_option` (`menu_id`, `id`, `option_icon`, `option_text`, `option_id`, `npc_option_npcflag`, `action_menu_id`, `action_poi_id`, `action_script_id`, `box_coded`, `box_money`, `box_text`, `condition_id`) VALUES (4010, 0, 3, 'I seek training in the ways of the Hunter.', 5, 16, 0, 0, 0, 0, 0, '', 0);
INSERT INTO `gossip_menu_option` (`menu_id`, `id`, `option_icon`, `option_text`, `option_id`, `npc_option_npcflag`, `action_menu_id`, `action_poi_id`, `action_script_id`, `box_coded`, `box_money`, `box_text`, `condition_id`) VALUES (4010, 1, 0, 'I wish to unlearn my talents.', 1, 1, 4461, 0, 0, 0, 0, '', 135);
UPDATE `creature_template` SET `gossip_menu_id`=4010 WHERE `entry`=3352;

-- Gossip text for Xor'juul
DELETE FROM `npc_gossip` WHERE `npc_guid`=7972;
UPDATE `creature_template` SET `gossip_menu_id`=4648 WHERE `entry`=3406;

-- Gossip text for Sian'dur
DELETE FROM `npc_gossip` WHERE `npc_guid`=6620;
UPDATE `creature_template` SET `gossip_menu_id`=4648 WHERE `entry`=3407;

-- Gossip text for Claude Erksine (Pet Trainer)
UPDATE `creature_template` SET `gossip_menu_id`=4783 WHERE `entry`=3545;

-- Gossip text for Ayanna Everstride
DELETE FROM `npc_gossip` WHERE `npc_guid`=46182;
INSERT INTO `gossip_menu` VALUES (4695, 4863, 96);
INSERT INTO `gossip_menu` VALUES (4695, 4993, 97);
INSERT INTO `gossip_menu_option` (`menu_id`, `id`, `option_icon`, `option_text`, `option_id`, `npc_option_npcflag`, `action_menu_id`, `action_poi_id`, `action_script_id`, `box_coded`, `box_money`, `box_text`, `condition_id`) VALUES (4695, 0, 3, 'I\'d like to train.', 5, 16, 0, 0, 0, 0, 0, '', 0);
INSERT INTO `gossip_menu_option` (`menu_id`, `id`, `option_icon`, `option_text`, `option_id`, `npc_option_npcflag`, `action_menu_id`, `action_poi_id`, `action_script_id`, `box_coded`, `box_money`, `box_text`, `condition_id`) VALUES (4695, 1, 0, 'I wish to unlearn my talents.', 1, 1, 4461, 0, 0, 0, 0, '', 135);
UPDATE `creature_template` SET `gossip_menu_id`=4695 WHERE `entry`=3596;

-- Gossip text for Dazalar
DELETE FROM `gossip_menu` WHERE `entry`=4009;
INSERT INTO `gossip_menu` VALUES (4009, 4316, 96);
INSERT INTO `gossip_menu` VALUES (4009, 4993, 97);
INSERT INTO `gossip_menu_option` (`menu_id`, `id`, `option_icon`, `option_text`, `option_id`, `npc_option_npcflag`, `action_menu_id`, `action_poi_id`, `action_script_id`, `box_coded`, `box_money`, `box_text`, `condition_id`) VALUES (4009, 0, 3, 'I am in need of training.', 5, 16, 0, 0, 0, 0, 0, '', 0);
INSERT INTO `gossip_menu_option` (`menu_id`, `id`, `option_icon`, `option_text`, `option_id`, `npc_option_npcflag`, `action_menu_id`, `action_poi_id`, `action_script_id`, `box_coded`, `box_money`, `box_text`, `condition_id`) VALUES (4009, 1, 0, 'I wish to unlearn my talents.', 1, 1, 4461, 0, 0, 0, 0, '', 135);
UPDATE `creature_template` SET `gossip_menu_id`=4009 WHERE `entry`=3601;

-- Gossip text for Harruk (Pet Trainer)
DELETE FROM `npc_gossip` WHERE `npc_guid`=7673;
UPDATE `creature_template` SET `gossip_menu_id`=4783 WHERE `entry`=3620;

-- Gossip text for Grokor (Pet Trainer)
DELETE FROM `npc_gossip` WHERE `npc_guid`=34501;
UPDATE `creature_template` SET `gossip_menu_id`=4783 WHERE `entry`=3622;

-- Gossip text for Zudd (Pet Trainer)
DELETE FROM `npc_gossip` WHERE `npc_guid`=667;
UPDATE `creature_template` SET `gossip_menu_id`=4783 WHERE `entry`=3624;

-- Gossip text for Reban Freerunner (Pet Trainer)
DELETE FROM `npc_gossip` WHERE `npc_guid`=24783;
UPDATE `creature_template` SET `gossip_menu_id`=4783 WHERE `entry`=3688;

-- Gossip text for Bolyun (Pet Trainer)
UPDATE `creature_template` SET `gossip_menu_id`=4783 WHERE `entry`=3698;

-- Gossip text for Danlaar Nightstride
INSERT INTO `gossip_menu` VALUES (4092, 4867, 96);
INSERT INTO `gossip_menu` VALUES (4092, 4993, 97);
INSERT INTO `gossip_menu_option` (`menu_id`, `id`, `option_icon`, `option_text`, `option_id`, `npc_option_npcflag`, `action_menu_id`, `action_poi_id`, `action_script_id`, `box_coded`, `box_money`, `box_text`, `condition_id`) VALUES (4092, 0, 3, 'I seek training in the ways of the Hunter.', 5, 16, 0, 0, 0, 0, 0, '', 0);
INSERT INTO `gossip_menu_option` (`menu_id`, `id`, `option_icon`, `option_text`, `option_id`, `npc_option_npcflag`, `action_menu_id`, `action_poi_id`, `action_script_id`, `box_coded`, `box_money`, `box_text`, `condition_id`) VALUES (4092, 1, 0, 'I wish to unlearn my talents.', 1, 1, 4461, 0, 0, 0, 0, '', 135);
UPDATE `creature_template` SET `gossip_menu_id`=4092 WHERE `entry`=3963;

-- Gossip text for Jeen'ra Nightrunner
DELETE FROM `npc_gossip` WHERE `npc_guid`=46217;
INSERT INTO `gossip_menu` VALUES (4621, 4994, 96);
INSERT INTO `gossip_menu` VALUES (4621, 4993, 97);
INSERT INTO `gossip_menu_option` (`menu_id`, `id`, `option_icon`, `option_text`, `option_id`, `npc_option_npcflag`, `action_menu_id`, `action_poi_id`, `action_script_id`, `box_coded`, `box_money`, `box_text`, `condition_id`) VALUES (4621, 0, 3, 'I seek training in the ways of the Hunter.', 5, 16, 0, 0, 0, 0, 0, '', 0);
INSERT INTO `gossip_menu_option` (`menu_id`, `id`, `option_icon`, `option_text`, `option_id`, `npc_option_npcflag`, `action_menu_id`, `action_poi_id`, `action_script_id`, `box_coded`, `box_money`, `box_text`, `condition_id`) VALUES (4621, 1, 0, 'I wish to unlearn my talents.', 1, 1, 4461, 0, 0, 0, 0, '', 135);
UPDATE `creature_template` SET `gossip_menu_id`=4621 WHERE `entry`=4138;

-- Gossip text for Jocaste
DELETE FROM `npc_gossip` WHERE `npc_guid`=46221;
UPDATE `creature_template` SET `gossip_menu_id`=4695 WHERE `entry`=4146;

-- Gossip text for Dorion
DELETE FROM `npc_gossip` WHERE `npc_guid`=46415;
INSERT INTO `gossip_menu` VALUES (4693, 6160, 96);
INSERT INTO `gossip_menu` VALUES (4693, 4993, 97);
INSERT INTO `gossip_menu_option` (`menu_id`, `id`, `option_icon`, `option_text`, `option_id`, `npc_option_npcflag`, `action_menu_id`, `action_poi_id`, `action_script_id`, `box_coded`, `box_money`, `box_text`, `condition_id`) VALUES (4693, 0, 3, 'I\'d like to train.', 5, 16, 0, 0, 0, 0, 0, '', 0);
INSERT INTO `gossip_menu_option` (`menu_id`, `id`, `option_icon`, `option_text`, `option_id`, `npc_option_npcflag`, `action_menu_id`, `action_poi_id`, `action_script_id`, `box_coded`, `box_money`, `box_text`, `condition_id`) VALUES (4693, 1, 0, 'I wish to unlearn my talents.', 1, 1, 4461, 0, 0, 0, 0, '', 135);
UPDATE `creature_template` SET `gossip_menu_id`=4693 WHERE `entry`=4205;

-- Gossip text for Caelyb (Pet Trainer)
UPDATE `creature_template` SET `gossip_menu_id`=4783 WHERE `entry`=4320;

-- Gossip text for Daera Brightspear
DELETE FROM `npc_gossip` WHERE `npc_guid`=2020;
UPDATE `creature_template` SET `gossip_menu_id`=4675 WHERE `entry`=5115;

-- Gossip text for Olmin Burningbeard
DELETE FROM `npc_gossip` WHERE `npc_guid`=87;
INSERT INTO `gossip_menu` VALUES (4550, 4890, 96);
INSERT INTO `gossip_menu` VALUES (4550, 5000, 97);
INSERT INTO `gossip_menu_option` (`menu_id`, `id`, `option_icon`, `option_text`, `option_id`, `npc_option_npcflag`, `action_menu_id`, `action_poi_id`, `action_script_id`, `box_coded`, `box_money`, `box_text`, `condition_id`) VALUES (4550, 0, 3, 'I am here for training.', 5, 16, 0, 0, 0, 0, 0, '', 0);
INSERT INTO `gossip_menu_option` (`menu_id`, `id`, `option_icon`, `option_text`, `option_id`, `npc_option_npcflag`, `action_menu_id`, `action_poi_id`, `action_script_id`, `box_coded`, `box_money`, `box_text`, `condition_id`) VALUES (4550, 1, 0, 'I wish to unlearn my talents.', 1, 1, 4461, 0, 0, 0, 0, '', 135);
UPDATE `creature_template` SET `gossip_menu_id`=4550 WHERE `entry`=5116;

-- Gossip text for Regnus Thundergranite
DELETE FROM `npc_gossip` WHERE `npc_guid`=82;
UPDATE `creature_template` SET `gossip_menu_id`=4550 WHERE `entry`=5117;

-- Gossip text for Kaerbrus
UPDATE `creature_template` SET `gossip_menu_id`=4693 WHERE `entry`=5501;

-- Gossip text for Einris Brightspear
DELETE FROM `npc_gossip` WHERE `npc_guid`=37608;
INSERT INTO `gossip_menu` VALUES (4474, 4893, 96);
INSERT INTO `gossip_menu` VALUES (4474, 5000, 97);
INSERT INTO `gossip_menu_option` (`menu_id`, `id`, `option_icon`, `option_text`, `option_id`, `npc_option_npcflag`, `action_menu_id`, `action_poi_id`, `action_script_id`, `box_coded`, `box_money`, `box_text`, `condition_id`) VALUES (4474, 0, 3, 'I seek training in the ways of the Hunter.', 5, 16, 0, 0, 0, 0, 0, '', 0);
INSERT INTO `gossip_menu_option` (`menu_id`, `id`, `option_icon`, `option_text`, `option_id`, `npc_option_npcflag`, `action_menu_id`, `action_poi_id`, `action_script_id`, `box_coded`, `box_money`, `box_text`, `condition_id`) VALUES (4474, 1, 0, 'I wish to unlearn my talents.', 1, 1, 4461, 0, 0, 0, 0, '', 135);
UPDATE `creature_template` SET `gossip_menu_id`=4474 WHERE `entry`=5515;

-- Gossip text for Ulfir Ironbeard
UPDATE `creature_template` SET `gossip_menu_id`=4474 WHERE `entry`=5516;

-- Gossip text for Thorfin Stoneshield
UPDATE `creature_template` SET `gossip_menu_id`=4474 WHERE `entry`=5517;

-- Gossip text for Alenndaar Lapidaar
UPDATE `creature_template` SET `gossip_menu_id`=4092 WHERE `entry`=8308;

-- Gossip text for Hesuwa Thunderhorn (Pet Trainer)
UPDATE `creature_template` SET `gossip_menu_id`=4783 WHERE `entry`=10086;

-- Gossip text for Xao'tsu (Pet Trainer)
DELETE FROM `npc_gossip` WHERE `npc_guid`=6606;
UPDATE `creature_template` SET `gossip_menu_id`=4783 WHERE `entry`=10088;

-- Gossip text for Silvaria (Pet Trainer)
DELETE FROM `npc_gossip` WHERE `npc_guid`=46410;
UPDATE `creature_template` SET `gossip_menu_id`=4783 WHERE `entry`=10089;

-- Gossip text for Belia Thundergranite (Pet Trainer)
DELETE FROM `npc_gossip` WHERE `npc_guid`=59;
UPDATE `creature_template` SET `gossip_menu_id`=4783 WHERE `entry`=10090;

-- Gossip text for Dargh Trueaim
UPDATE `creature_template` SET `gossip_menu_id`=4675 WHERE `entry`=10930;

-- END HUNTER TRAINERS

-- PRIEST TRAINERS

-- Gossip text for Priestess Anetta
DELETE FROM `npc_gossip` WHERE `npc_guid`=79963;
INSERT INTO `conditions` (`condition_entry`, `type`, `value1`, `value2`) VALUES (94, 14, 0, 16);
INSERT INTO `conditions` (`condition_entry`, `type`, `value1`, `value2`) VALUES (95, 14, 0, 1519);
INSERT INTO `conditions` (`condition_entry`, `type`, `value1`, `value2`) VALUES (163, -1, 107, 94);
INSERT INTO `gossip_menu` VALUES (4665, 4433, 94);
INSERT INTO `gossip_menu` VALUES (4665, 4434, 95);
INSERT INTO `gossip_menu_option` (`menu_id`, `id`, `option_icon`, `option_text`, `option_id`, `npc_option_npcflag`, `action_menu_id`, `action_poi_id`, `action_script_id`, `box_coded`, `box_money`, `box_text`, `condition_id`) VALUES (4665, 0, 3, 'I seek more training in the priestly ways.', 5, 16, 0, 0, 0, 0, 0, NULL, 94);
INSERT INTO `gossip_menu_option` (`menu_id`, `id`, `option_icon`, `option_text`, `option_id`, `npc_option_npcflag`, `action_menu_id`, `action_poi_id`, `action_script_id`, `box_coded`, `box_money`, `box_text`, `condition_id`) VALUES (4665, 1, 0, 'I wish to unlearn my talents.', 1, 1, 4461, 0, 0, 0, 0, NULL, 163);
UPDATE `creature_template` SET `gossip_menu_id`=4665 WHERE `entry`=375;

-- Gossip text for High Priestess Laurena
DELETE FROM `npc_gossip` WHERE `npc_guid`=1079;
UPDATE `creature_template` SET `gossip_menu_id`=4665 WHERE `entry`=376;

-- Gossip text for Priestess Josetta
DELETE FROM `npc_gossip` WHERE `npc_guid`=80347;
UPDATE `creature_template` SET `gossip_menu_id`=4665 WHERE `entry`=377;

-- Gossip text for Branstock Khalder
DELETE FROM `npc_gossip` WHERE `npc_guid`=1023;
DELETE FROM `gossip_menu` WHERE `entry`=4680;
INSERT INTO `gossip_menu` VALUES (4680, 4436, 94);
INSERT INTO `gossip_menu` VALUES (4680, 4435, 95);
INSERT INTO `gossip_menu_option` (`menu_id`, `id`, `option_icon`, `option_text`, `option_id`, `npc_option_npcflag`, `action_menu_id`, `action_poi_id`, `action_script_id`, `box_coded`, `box_money`, `box_text`, `condition_id`) VALUES (4680, 0, 3, 'I seek more training in the priestly ways.', 5, 16, 0, 0, 0, 0, 0, NULL, 94);
INSERT INTO `gossip_menu_option` (`menu_id`, `id`, `option_icon`, `option_text`, `option_id`, `npc_option_npcflag`, `action_menu_id`, `action_poi_id`, `action_script_id`, `box_coded`, `box_money`, `box_text`, `condition_id`) VALUES (4680, 1, 0, 'I wish to unlearn my talents.', 1, 1, 4461, 0, 0, 0, 0, NULL, 163);
UPDATE `creature_template` SET `gossip_menu_id`=4680 WHERE `entry`=837;

-- Gossip text for Maxan Anvol
DELETE FROM `npc_gossip` WHERE `npc_guid`=206;
UPDATE `creature_template` SET `gossip_menu_id`=4680 WHERE `entry`=1226;

-- Gossip text for Dark Cleric Duesten
DELETE FROM `npc_gossip` WHERE `npc_guid`=28469;
INSERT INTO `gossip_menu` VALUES (3645, 4442, 94);
INSERT INTO `gossip_menu` VALUES (3645, 4439, 95);
INSERT INTO `gossip_menu_option` (`menu_id`, `id`, `option_icon`, `option_text`, `option_id`, `npc_option_npcflag`, `action_menu_id`, `action_poi_id`, `action_script_id`, `box_coded`, `box_money`, `box_text`, `condition_id`) VALUES (3645, 0, 3, 'I seek more training in the priestly ways.', 5, 16, 0, 0, 0, 0, 0, NULL, 94);
INSERT INTO `gossip_menu_option` (`menu_id`, `id`, `option_icon`, `option_text`, `option_id`, `npc_option_npcflag`, `action_menu_id`, `action_poi_id`, `action_script_id`, `box_coded`, `box_money`, `box_text`, `condition_id`) VALUES (3645, 1, 0, 'I wish to unlearn my talents.', 1, 1, 4461, 0, 0, 0, 0, NULL, 163);
UPDATE `creature_template` SET `gossip_menu_id`=3645 WHERE `entry`=2123;

-- Gossip text for Dark Cleric Beryl
DELETE FROM `npc_gossip` WHERE `npc_guid`=28477;
UPDATE `creature_template` SET `gossip_menu_id`=3645 WHERE `entry`=2129;

-- Gossip text for Miles Welsh
DELETE FROM `npc_gossip` WHERE `npc_guid`=26771;
UPDATE `creature_template` SET `gossip_menu_id`=3645 WHERE `entry`=3044;

-- Gossip text for Malakai Cross
DELETE FROM `npc_gossip` WHERE `npc_guid`=26772;
UPDATE `creature_template` SET `gossip_menu_id`=3645 WHERE `entry`=3045;

-- Gossip text for Father Cobb
UPDATE `creature_template` SET `gossip_menu_id`=3645 WHERE `entry`=3046;

-- Gossip text for Shanda
DELETE FROM `npc_gossip` WHERE `npc_guid`=46181;
DELETE FROM `gossip_menu` WHERE `entry`=4691;
INSERT INTO `gossip_menu` VALUES (4691, 4438, 94);
INSERT INTO `gossip_menu` VALUES (4691, 4437, 95);
INSERT INTO `gossip_menu_option` (`menu_id`, `id`, `option_icon`, `option_text`, `option_id`, `npc_option_npcflag`, `action_menu_id`, `action_poi_id`, `action_script_id`, `box_coded`, `box_money`, `box_text`, `condition_id`) VALUES (4691, 0, 3, 'I seek more training in the priestly ways.', 5, 16, 0, 0, 0, 0, 0, NULL, 94);
INSERT INTO `gossip_menu_option` (`menu_id`, `id`, `option_icon`, `option_text`, `option_id`, `npc_option_npcflag`, `action_menu_id`, `action_poi_id`, `action_script_id`, `box_coded`, `box_money`, `box_text`, `condition_id`) VALUES (4691, 1, 0, 'I wish to unlearn my talents.', 1, 1, 4461, 0, 0, 0, 0, NULL, 163);
UPDATE `creature_template` SET `gossip_menu_id`=4691 WHERE `entry`=3595;

-- Gossip text for Laurna Morninglight
DELETE FROM `npc_gossip` WHERE `npc_guid`=46186;
UPDATE `creature_template` SET `gossip_menu_id`=4691 WHERE `entry`=3600;

-- Gossip text for Tai'jin
DELETE FROM `npc_gossip` WHERE `npc_guid`=10429;
INSERT INTO `gossip_menu` VALUES (3644, 4441, 94);
INSERT INTO `gossip_menu` VALUES (3644, 4440, 95);
INSERT INTO `gossip_menu_option` (`menu_id`, `id`, `option_icon`, `option_text`, `option_id`, `npc_option_npcflag`, `action_menu_id`, `action_poi_id`, `action_script_id`, `box_coded`, `box_money`, `box_text`, `condition_id`) VALUES (3644, 0, 3, 'I seek more training in the priestly ways.', 5, 16, 0, 0, 0, 0, 0, NULL, 94);
INSERT INTO `gossip_menu_option` (`menu_id`, `id`, `option_icon`, `option_text`, `option_id`, `npc_option_npcflag`, `action_menu_id`, `action_poi_id`, `action_script_id`, `box_coded`, `box_money`, `box_text`, `condition_id`) VALUES (3644, 1, 0, 'I wish to unlearn my talents.', 1, 1, 4461, 0, 0, 0, 0, NULL, 163);
UPDATE `creature_template` SET `gossip_menu_id`=3644 WHERE `entry`=3706;

-- Gossip text for Ken'jai
DELETE FROM `npc_gossip` WHERE `npc_guid`=4912;
UPDATE `creature_template` SET `gossip_menu_id`=3644 WHERE `entry`=3707;

-- Gossip text for Astarii Starseeker
DELETE FROM `npc_gossip` WHERE `npc_guid`=49859;
UPDATE `creature_template` SET `gossip_menu_id`=4691 WHERE `entry`=4090;

-- Gossip text for Jandria
DELETE FROM `npc_gossip` WHERE `npc_guid`=49903;
UPDATE `creature_template` SET `gossip_menu_id`=4691 WHERE `entry`=4091;

-- Gossip text for Lariia
DELETE FROM `npc_gossip` WHERE `npc_guid`=49934;
UPDATE `creature_template` SET `gossip_menu_id`=4691 WHERE `entry`=4092;

-- Gossip text for Aelthalyste
DELETE FROM `npc_gossip` WHERE `npc_guid`=31866;
UPDATE `creature_template` SET `gossip_menu_id`=3645 WHERE `entry`=4606;

-- Gossip text for Father Lankester
DELETE FROM `npc_gossip` WHERE `npc_guid`=41835;
UPDATE `creature_template` SET `gossip_menu_id`=3645 WHERE `entry`=4607;

-- Gossip text for Father Lazarus
DELETE FROM `npc_gossip` WHERE `npc_guid`=31865;
UPDATE `creature_template` SET `gossip_menu_id`=3645 WHERE `entry`=4608;

-- Gossip text for Theodrus Frostbeard
DELETE FROM `npc_gossip` WHERE `npc_guid`=1780;
UPDATE `creature_template` SET `gossip_menu_id`=4680 WHERE `entry`=5141;

-- Gossip text for Braenna Flintcrag
DELETE FROM `npc_gossip` WHERE `npc_guid`=1770;
UPDATE `creature_template` SET `gossip_menu_id`=4680 WHERE `entry`=5142;

-- Gossip text for Toldren Deepiron
DELETE FROM `npc_gossip` WHERE `npc_guid`=1772;
UPDATE `creature_template` SET `gossip_menu_id`=4680 WHERE `entry`=5143;

-- Gossip text for Brother Benjamin
UPDATE `creature_template` SET `gossip_menu_id`=4665 WHERE `entry`=5484;

-- Gossip text for Brother Joshua
DELETE FROM `npc_gossip` WHERE `npc_guid`=37571;
UPDATE `creature_template` SET `gossip_menu_id`=4665 WHERE `entry`=5489;

-- Gossip text for Zayus
DELETE FROM `npc_gossip` WHERE `npc_guid`=3615;
UPDATE `creature_template` SET `gossip_menu_id`=3644 WHERE `entry`=5994;

-- Gossip text for X'yera
DELETE FROM `npc_gossip` WHERE `npc_guid`=3473;
UPDATE `creature_template` SET `gossip_menu_id`=3644 WHERE `entry`=6014;

-- Gossip text for Ur'kyo
DELETE FROM `npc_gossip` WHERE `npc_guid`=3472;
UPDATE `creature_template` SET `gossip_menu_id`=3644 WHERE `entry`=6018;

-- Gossip text for Nara Meideros
DELETE FROM `npc_gossip` WHERE `npc_guid`=90480;
UPDATE `creature_template` SET `gossip_menu_id`=4691 WHERE `entry`=11397;

-- Gossip text for Priestess Alathea
DELETE FROM `npc_gossip` WHERE `npc_guid`=46567;
UPDATE `creature_template` SET `gossip_menu_id`=4691 WHERE `entry`=11401;

-- Gossip text for High Priest Rohan
DELETE FROM `npc_gossip` WHERE `npc_guid`=1777;
UPDATE `creature_template` SET `gossip_menu_id`=4680 WHERE `entry`=11406;

-- END PRIEST TRAINERS

-- SHAMAN TRAINERS

-- Gossip text for Haromm
DELETE FROM `npc_gossip` WHERE `npc_guid`=34147;
INSERT INTO `conditions` (`condition_entry`, `type`, `value1`, `value2`) VALUES (92, 14, 0, 64);
INSERT INTO `conditions` (`condition_entry`, `type`, `value1`, `value2`) VALUES (93, 14, 0, 1471);
INSERT INTO `conditions` (`condition_entry`, `type`, `value1`, `value2`) VALUES (137, -1, 92, 107);
INSERT INTO `gossip_menu` VALUES (4652, 5005, 92);
INSERT INTO `gossip_menu` VALUES (4652, 5006, 93);
INSERT INTO `gossip_menu_option` (`menu_id`, `id`, `option_icon`, `option_text`, `option_id`, `npc_option_npcflag`, `action_menu_id`, `action_poi_id`, `action_script_id`, `box_coded`, `box_money`, `box_text`, `condition_id`) VALUES (4652, 0, 3, 'Teach me the ways of the spirits.', 5, 16, 0, 0, 0, 0, 0, NULL, 0);
INSERT INTO `gossip_menu_option` (`menu_id`, `id`, `option_icon`, `option_text`, `option_id`, `npc_option_npcflag`, `action_menu_id`, `action_poi_id`, `action_script_id`, `box_coded`, `box_money`, `box_text`, `condition_id`) VALUES (4652, 1, 0, 'I wish to unlearn my talents.', 1, 1, 4461, 0, 0, 0, 0, NULL, 137);
UPDATE `creature_template` SET `gossip_menu_id`=4652 WHERE `entry`=986;

-- Gossip text for Siln Skychaser
DELETE FROM `npc_gossip` WHERE `npc_guid`=26656;
UPDATE `creature_template` SET `gossip_menu_id`=4652 WHERE `entry`=3030;

-- Gossip text for Tigor Skychaser
DELETE FROM `npc_gossip` WHERE `npc_guid`=26658;
UPDATE `creature_template` SET `gossip_menu_id`=4652 WHERE `entry`=3031;

-- Gossip text for Beram Skychaser
DELETE FROM `npc_gossip` WHERE `npc_guid`=26659;
UPDATE `creature_template` SET `gossip_menu_id`=4652 WHERE `entry`=3032;

-- Gossip text for Meela Dawnstrider
UPDATE `creature_template` SET `gossip_menu_id`=4652 WHERE `entry`=3062;

-- Gossip text for Narm Skychaser
DELETE FROM `npc_gossip` WHERE `npc_guid`=26906;
UPDATE `creature_template` SET `gossip_menu_id`=4652 WHERE `entry`=3066;

-- Gossip text for Shikrik
DELETE FROM `npc_gossip` WHERE `npc_guid`=7281;
UPDATE `creature_template` SET `gossip_menu_id`=4652 WHERE `entry`=3157;

-- Gossip text for Swart
DELETE FROM `npc_gossip` WHERE `npc_guid`=8419;
UPDATE `creature_template` SET `gossip_menu_id`=4652 WHERE `entry`=3173;

-- Gossip text for Kardris Dreamseeker
DELETE FROM `npc_gossip` WHERE `npc_guid`=4663;
UPDATE `creature_template` SET `gossip_menu_id`=4652 WHERE `entry`=3344;

-- Gossip text for Sian'tsu
DELETE FROM `npc_gossip` WHERE `npc_guid`=4665;
INSERT INTO `gossip_menu` VALUES (4515, 5007, 92);
INSERT INTO `gossip_menu` VALUES (4515, 5008, 93);
INSERT INTO `gossip_menu_option` (`menu_id`, `id`, `option_icon`, `option_text`, `option_id`, `npc_option_npcflag`, `action_menu_id`, `action_poi_id`, `action_script_id`, `box_coded`, `box_money`, `box_text`, `condition_id`) VALUES (4515, 0, 3, 'Teach me the ways of the spirits.', 5, 16, 0, 0, 0, 0, 0, NULL, 0);
INSERT INTO `gossip_menu_option` (`menu_id`, `id`, `option_icon`, `option_text`, `option_id`, `npc_option_npcflag`, `action_menu_id`, `action_poi_id`, `action_script_id`, `box_coded`, `box_money`, `box_text`, `condition_id`) VALUES (4515, 1, 0, 'I wish to unlearn my talents.', 1, 1, 4461, 0, 0, 0, 0, NULL, 137);
UPDATE `creature_template` SET `gossip_menu_id`=4515 WHERE `entry`=3403;

-- Gossip text for Sagorne Creststrider
DELETE FROM `npc_gossip` WHERE `npc_guid`=4664;
UPDATE `creature_template` SET `gossip_menu_id`=4652 WHERE `entry`=13417;

-- END SHAMAN TRAINERS

-- MAGE TRAINERS

-- Gossip text for Khelden Bremen
DELETE FROM `npc_gossip` WHERE `npc_guid`=79962;
INSERT INTO `conditions` (`condition_entry`, `type`, `value1`, `value2`) VALUES (90, 14, 0, 128);
INSERT INTO `conditions` (`condition_entry`, `type`, `value1`, `value2`) VALUES (91, 14, 0, 1407);
INSERT INTO `conditions` (`condition_entry`, `type`, `value1`, `value2`) VALUES (138, -1, 90, 107);
DELETE FROM `gossip_menu` WHERE `entry`=4660;
INSERT INTO `gossip_menu` VALUES (4660, 538, 90);
INSERT INTO `gossip_menu` VALUES (4660, 539, 91);
DELETE FROM `gossip_menu_option` WHERE `menu_id`=4660;
INSERT INTO `gossip_menu_option` (`menu_id`, `id`, `option_icon`, `option_text`, `option_id`, `npc_option_npcflag`, `action_menu_id`, `action_poi_id`, `action_script_id`, `box_coded`, `box_money`, `box_text`, `condition_id`) VALUES (4660, 0, 3, 'I am interested in mage training.', 5, 16, 0, 0, 0, 0, 0, '', 0);
INSERT INTO `gossip_menu_option` (`menu_id`, `id`, `option_icon`, `option_text`, `option_id`, `npc_option_npcflag`, `action_menu_id`, `action_poi_id`, `action_script_id`, `box_coded`, `box_money`, `box_text`, `condition_id`) VALUES (4660, 1, 0, 'I wish to unlearn my talents.', 1, 1, 4461, 0, 0, 0, 0, '', 138);
UPDATE `creature_template` SET `gossip_menu_id`=4660 WHERE `entry`=198;

-- Gossip text for Zaldimar Wefhellt
DELETE FROM `npc_gossip` WHERE `npc_guid`=80344;
UPDATE `creature_template` SET `gossip_menu_id`=4660 WHERE `entry`=328;

-- Gossip text for Maginor Dumas
UPDATE `creature_template` SET `gossip_menu_id`=4660 WHERE `entry`=331;

-- Gossip text for Marryk Nurribit
DELETE FROM `npc_gossip` WHERE `npc_guid`=1025;
DELETE FROM `gossip_menu` WHERE `entry`=4552;
INSERT INTO `gossip_menu` VALUES (4552, 560, 90);
INSERT INTO `gossip_menu` VALUES (4552, 561, 91);
INSERT INTO `gossip_menu_option` (`menu_id`, `id`, `option_icon`, `option_text`, `option_id`, `npc_option_npcflag`, `action_menu_id`, `action_poi_id`, `action_script_id`, `box_coded`, `box_money`, `box_text`, `condition_id`) VALUES (4552, 0, 3, 'I am interested in mage training.', 5, 16, 0, 0, 0, 0, 0, '', 0);
INSERT INTO `gossip_menu_option` (`menu_id`, `id`, `option_icon`, `option_text`, `option_id`, `npc_option_npcflag`, `action_menu_id`, `action_poi_id`, `action_script_id`, `box_coded`, `box_money`, `box_text`, `condition_id`) VALUES (4552, 1, 0, 'I wish to unlearn my talents.', 1, 1, 4461, 0, 0, 0, 0, '', 138);
UPDATE `creature_template` SET `gossip_menu_id`=4552 WHERE `entry`=944;

-- Gossip text for Magis Sparkmantle
DELETE FROM `npc_gossip` WHERE `npc_guid`=192;
INSERT INTO `gossip_menu` VALUES (4685, 558, 90);
INSERT INTO `gossip_menu` VALUES (4685, 559, 91);
INSERT INTO `gossip_menu_option` (`menu_id`, `id`, `option_icon`, `option_text`, `option_id`, `npc_option_npcflag`, `action_menu_id`, `action_poi_id`, `action_script_id`, `box_coded`, `box_money`, `box_text`, `condition_id`) VALUES (4685, 0, 3, 'I am interested in mage training.', 5, 16, 0, 0, 0, 0, 0, '', 0);
INSERT INTO `gossip_menu_option` (`menu_id`, `id`, `option_icon`, `option_text`, `option_id`, `npc_option_npcflag`, `action_menu_id`, `action_poi_id`, `action_script_id`, `box_coded`, `box_money`, `box_text`, `condition_id`) VALUES (4685, 1, 0, 'I wish to unlearn my talents.', 1, 1, 4461, 0, 0, 0, 0, '', 138);
UPDATE `creature_template` SET `gossip_menu_id`=4685 WHERE `entry`=1228;

-- Gossip text for Isabella
DELETE FROM `npc_gossip` WHERE `npc_guid`=28463;
INSERT INTO `gossip_menu` VALUES (4654, 562, 90);
INSERT INTO `gossip_menu` VALUES (4654, 563, 91);
INSERT INTO `gossip_menu_option` (`menu_id`, `id`, `option_icon`, `option_text`, `option_id`, `npc_option_npcflag`, `action_menu_id`, `action_poi_id`, `action_script_id`, `box_coded`, `box_money`, `box_text`, `condition_id`) VALUES (4654, 0, 3, 'I am interested in mage training.', 5, 16, 0, 0, 0, 0, 0, '', 0);
INSERT INTO `gossip_menu_option` (`menu_id`, `id`, `option_icon`, `option_text`, `option_id`, `npc_option_npcflag`, `action_menu_id`, `action_poi_id`, `action_script_id`, `box_coded`, `box_money`, `box_text`, `condition_id`) VALUES (4654, 1, 0, 'I wish to unlearn my talents.', 1, 1, 4461, 0, 0, 0, 0, '', 138);
UPDATE `creature_template` SET `gossip_menu_id`=4654 WHERE `entry`=2124;

-- Gossip text for Cain Firesong
DELETE FROM `npc_gossip` WHERE `npc_guid`=28476;
UPDATE `creature_template` SET `gossip_menu_id`=4654 WHERE `entry`=2128;

-- Gossip text for Larimaine Purdue
DELETE FROM `gossip_menu` WHERE `entry`=4822;
INSERT INTO `gossip_menu` VALUES (4822, 5876, 90);
INSERT INTO `gossip_menu` VALUES (4822, 5875, 91);
DELETE FROM `gossip_menu_option` WHERE `menu_id`=4822;
INSERT INTO `gossip_menu_option` (`menu_id`, `id`, `option_icon`, `option_text`, `option_id`, `npc_option_npcflag`, `action_menu_id`, `action_poi_id`, `action_script_id`, `box_coded`, `box_money`, `box_text`, `condition_id`) VALUES (4822, 0, 3, 'Please teach me.', 5, 16, 0, 0, 0, 0, 0, '', 0);
UPDATE `creature_template` SET `gossip_menu_id`=4822 WHERE `entry`=2485;

-- Gossip text for Milstaff Stormeye
DELETE FROM `npc_gossip` WHERE `npc_guid`=1771;
DELETE FROM `gossip_menu` WHERE `entry`=4823;
INSERT INTO `gossip_menu` VALUES (4823, 5878, 90);
INSERT INTO `gossip_menu` VALUES (4823, 5877, 91);
INSERT INTO `gossip_menu_option` (`menu_id`, `id`, `option_icon`, `option_text`, `option_id`, `npc_option_npcflag`, `action_menu_id`, `action_poi_id`, `action_script_id`, `box_coded`, `box_money`, `box_text`, `condition_id`) VALUES (4823, 0, 3, 'Please teach me.', 5, 16, 0, 0, 0, 0, 0, '', 0);
UPDATE `creature_template` SET `gossip_menu_id`=4823 WHERE `entry`=2489;

-- Gossip text for Lexington Mortaim
DELETE FROM `npc_gossip` WHERE `npc_guid`=38072;
DELETE FROM `gossip_menu` WHERE `entry`=4826;
INSERT INTO `gossip_menu` VALUES (4826, 5884, 90);
INSERT INTO `gossip_menu` VALUES (4826, 5883, 91);
DELETE FROM `gossip_menu_option` WHERE `menu_id`=4826;
INSERT INTO `gossip_menu_option` (`menu_id`, `id`, `option_icon`, `option_text`, `option_id`, `npc_option_npcflag`, `action_menu_id`, `action_poi_id`, `action_script_id`, `box_coded`, `box_money`, `box_text`, `condition_id`) VALUES (4826, 0, 3, 'Please teach me.', 5, 16, 0, 0, 0, 0, 0, '', 0);
UPDATE `creature_template` SET `gossip_menu_id`=4826 WHERE `entry`=2492;

-- Gossip text for Archmage Shymm
DELETE FROM `npc_gossip` WHERE `npc_guid`=26774;
UPDATE `creature_template` SET `gossip_menu_id`=4654 WHERE `entry`=3047;

-- Gossip text for Ursyn Ghull
DELETE FROM `npc_gossip` WHERE `npc_guid`=26775;
UPDATE `creature_template` SET `gossip_menu_id`=4654 WHERE `entry`=3048;

-- Gossip text for Thurston Xane
UPDATE `creature_template` SET `gossip_menu_id`=4654 WHERE `entry`=3049;

-- Gossip text for Elissa Dumas
DELETE FROM `npc_gossip` WHERE `npc_guid`=46320;
UPDATE `creature_template` SET `gossip_menu_id`=4822 WHERE `entry`=4165;

-- Gossip text for Kaelystia Hatebringer
DELETE FROM `npc_gossip` WHERE `npc_guid`=31869;
UPDATE `creature_template` SET `gossip_menu_id`=4654 WHERE `entry`=4566;

-- Gossip text for Pierce Shackleton
DELETE FROM `npc_gossip` WHERE `npc_guid`=38416;
UPDATE `creature_template` SET `gossip_menu_id`=4654 WHERE `entry`=4567;

-- Gossip text for Anastasia Hartwell
DELETE FROM `npc_gossip` WHERE `npc_guid`=38422;
UPDATE `creature_template` SET `gossip_menu_id`=4654 WHERE `entry`=4568;

-- Gossip text for Bink
DELETE FROM `npc_gossip` WHERE `npc_guid`=1773;
UPDATE `creature_template` SET `gossip_menu_id`=4552 WHERE `entry`=5144;

-- Gossip text for Juli Stormkettle
DELETE FROM `npc_gossip` WHERE `npc_guid`=1779;
UPDATE `creature_template` SET `gossip_menu_id`=4552 WHERE `entry`=5145;

-- Gossip text for Nittlebur Sparkfizzle
DELETE FROM `npc_gossip` WHERE `npc_guid`=1782;
UPDATE `creature_template` SET `gossip_menu_id`=4552 WHERE `entry`=5146;

-- Gossip text for Jennea Cannon
DELETE FROM `npc_gossip` WHERE `npc_guid`=90462;
UPDATE `creature_template` SET `gossip_menu_id`=4660 WHERE `entry`=5497;

-- Gossip text for Elsharin
UPDATE `creature_template` SET `gossip_menu_id`=4660 WHERE `entry`=5498;

-- Gossip text for Un'Thuwa
DELETE FROM `gossip_menu` WHERE `entry`=64;
INSERT INTO `gossip_menu` VALUES (64, 564, 90);
INSERT INTO `gossip_menu` VALUES (64, 565, 91);
INSERT INTO `gossip_menu_option` (`menu_id`, `id`, `option_icon`, `option_text`, `option_id`, `npc_option_npcflag`, `action_menu_id`, `action_poi_id`, `action_script_id`, `box_coded`, `box_money`, `box_text`, `condition_id`) VALUES (64, 0, 3, 'I am interested in mage training.', 5, 16, 0, 0, 0, 0, 0, '', 0);
INSERT INTO `gossip_menu_option` (`menu_id`, `id`, `option_icon`, `option_text`, `option_id`, `npc_option_npcflag`, `action_menu_id`, `action_poi_id`, `action_script_id`, `box_coded`, `box_money`, `box_text`, `condition_id`) VALUES (64, 1, 0, 'I wish to unlearn my talents.', 1, 1, 4461, 0, 0, 0, 0, '', 138);
UPDATE `creature_template` SET `gossip_menu_id`=64 WHERE `entry`=5880;

-- Gossip text for Pephredo
DELETE FROM `npc_gossip` WHERE `npc_guid`=3471;
UPDATE `creature_template` SET `gossip_menu_id`=64 WHERE `entry`=5882;

-- Gossip text for Enyo
DELETE FROM `npc_gossip` WHERE `npc_guid`=3616;
UPDATE `creature_template` SET `gossip_menu_id`=64 WHERE `entry`=5883;

-- Gossip text for Mai'ah
DELETE FROM `npc_gossip` WHERE `npc_guid`=4798;
UPDATE `creature_template` SET `gossip_menu_id`=64 WHERE `entry`=5884;

-- Gossip text for Deino
DELETE FROM `npc_gossip` WHERE `npc_guid`=3474;
UPDATE `creature_template` SET `gossip_menu_id`=64 WHERE `entry`=5885;

-- Gossip text for Birgitte Cranston
DELETE FROM `npc_gossip` WHERE `npc_guid`=24768;
INSERT INTO `gossip_menu` VALUES (4825, 5881, 90);
INSERT INTO `gossip_menu` VALUES (4825, 5882, 91);
INSERT INTO `gossip_menu_option` (`menu_id`, `id`, `option_icon`, `option_text`, `option_id`, `npc_option_npcflag`, `action_menu_id`, `action_poi_id`, `action_script_id`, `box_coded`, `box_money`, `box_text`, `condition_id`) VALUES (4825, 0, 3, 'Please teach me.', 5, 16, 0, 0, 0, 0, 0, '', 0);
UPDATE `creature_template` SET `gossip_menu_id`=4825 WHERE `entry`=5957;

-- Gossip text for Thuul
DELETE FROM `npc_gossip` WHERE `npc_guid`=3646;
UPDATE `creature_template` SET `gossip_menu_id`=4826 WHERE `entry`=5958;

-- Gossip text for Uthel'nay
DELETE FROM `npc_gossip` WHERE `npc_guid`=3648;
UPDATE `creature_template` SET `gossip_menu_id`=64 WHERE `entry`=7311;

-- Gossip text for Dink
DELETE FROM `npc_gossip` WHERE `npc_guid`=1774;
UPDATE `creature_template` SET `gossip_menu_id`=4552 WHERE `entry`=7312;

-- END MAGE TRAINERS

-- WARLOCK TRAINERS

-- Missing gossip menu options for Drusilla La Salle, Demisette Cloyce, Maximillian Crowe, Alexander Calder, Ursula Deline, Sandahl
INSERT INTO `conditions` (`condition_entry`, `type`, `value1`, `value2`) VALUES (139, -1, 67, 107);
INSERT INTO `gossip_menu_option` (`menu_id`, `id`, `option_icon`, `option_text`, `option_id`, `npc_option_npcflag`, `action_menu_id`, `action_poi_id`, `action_script_id`, `box_coded`, `box_money`, `box_text`, `condition_id`) VALUES (4667, 0, 3, 'I am interested in warlock training.', 5, 16, 0, 0, 0, 0, 0, '', 0);
INSERT INTO `gossip_menu_option` (`menu_id`, `id`, `option_icon`, `option_text`, `option_id`, `npc_option_npcflag`, `action_menu_id`, `action_poi_id`, `action_script_id`, `box_coded`, `box_money`, `box_text`, `condition_id`) VALUES (4667, 1, 0, 'I wish to unlearn my talents.', 1, 1, 4461, 0, 0, 0, 0, '', 139);

-- Missing gossip menu options for Alamar Grimm, Thistleheart, Briarthorn, Gimrizz Shadowcog
INSERT INTO `gossip_menu_option` (`menu_id`, `id`, `option_icon`, `option_text`, `option_id`, `npc_option_npcflag`, `action_menu_id`, `action_poi_id`, `action_script_id`, `box_coded`, `box_money`, `box_text`, `condition_id`) VALUES (4668, 0, 3, 'I am interested in warlock training.', 5, 16, 0, 0, 0, 0, 0, '', 0);
INSERT INTO `gossip_menu_option` (`menu_id`, `id`, `option_icon`, `option_text`, `option_id`, `npc_option_npcflag`, `action_menu_id`, `action_poi_id`, `action_script_id`, `box_coded`, `box_money`, `box_text`, `condition_id`) VALUES (4668, 1, 0, 'I wish to unlearn my talents.', 1, 1, 4461, 0, 0, 0, 0, '', 139);

-- Missing gossip menu options for Maximillion, Rupert Boch, Luther Pickman, Richard Kerwin
INSERT INTO `gossip_menu_option` (`menu_id`, `id`, `option_icon`, `option_text`, `option_id`, `npc_option_npcflag`, `action_menu_id`, `action_poi_id`, `action_script_id`, `box_coded`, `box_money`, `box_text`, `condition_id`) VALUES (4669, 0, 3, 'I submit myself for further training my master.', 5, 16, 0, 0, 0, 0, 0, '', 0);
INSERT INTO `gossip_menu_option` (`menu_id`, `id`, `option_icon`, `option_text`, `option_id`, `npc_option_npcflag`, `action_menu_id`, `action_poi_id`, `action_script_id`, `box_coded`, `box_money`, `box_text`, `condition_id`) VALUES (4669, 1, 0, 'I wish to unlearn my talents.', 1, 1, 4461, 0, 0, 0, 0, '', 139);

-- Missing gossip menu options for Kartosh, Nartok, Dhugru Gorelust, Grol'dar, Mirket, Zevrost, Kaal Soulreaper
INSERT INTO `gossip_menu_option` (`menu_id`, `id`, `option_icon`, `option_text`, `option_id`, `npc_option_npcflag`, `action_menu_id`, `action_poi_id`, `action_script_id`, `box_coded`, `box_money`, `box_text`, `condition_id`) VALUES (4670, 0, 3, 'It is a greater knowledge of the ways of the warlock that I crave.', 5, 16, 0, 0, 0, 0, 0, '', 0);
INSERT INTO `gossip_menu_option` (`menu_id`, `id`, `option_icon`, `option_text`, `option_id`, `npc_option_npcflag`, `action_menu_id`, `action_poi_id`, `action_script_id`, `box_coded`, `box_money`, `box_text`, `condition_id`) VALUES (4670, 1, 0, 'I wish to unlearn my talents.', 1, 1, 4461, 0, 0, 0, 0, '', 139);

-- END WARLOCK TRAINERS

-- DRUID TRAINERS

-- Gossip text for Turak Runetotem
DELETE FROM `npc_gossip` WHERE `npc_guid`=26661;
INSERT INTO `conditions` (`condition_entry`, `type`, `value1`, `value2`) VALUES (88, 14, 0, 511);
INSERT INTO `conditions` (`condition_entry`, `type`, `value1`, `value2`) VALUES (89, 14, 0, 1024);
INSERT INTO `conditions` (`condition_entry`, `type`, `value1`, `value2`) VALUES (140, -1, 89, 107);
INSERT INTO `gossip_menu` VALUES (3921, 4774, 88);
INSERT INTO `gossip_menu` VALUES (3921, 4775, 89);
INSERT INTO `gossip_menu_option` (`menu_id`, `id`, `option_icon`, `option_text`, `option_id`, `npc_option_npcflag`, `action_menu_id`, `action_poi_id`, `action_script_id`, `box_coded`, `box_money`, `box_text`, `condition_id`) VALUES (3921, 0, 3, 'I seek training as a druid.', 5, 16, 0, 0, 0, 0, 0, '', 0);
INSERT INTO `gossip_menu_option` (`menu_id`, `id`, `option_icon`, `option_text`, `option_id`, `npc_option_npcflag`, `action_menu_id`, `action_poi_id`, `action_script_id`, `box_coded`, `box_money`, `box_text`, `condition_id`) VALUES (3921, 1, 0, 'I wish to unlearn my talents.', 1, 1, 4461, 0, 0, 0, 0, '', 140);
UPDATE `creature_template` SET `gossip_menu_id`=3921 WHERE `entry`=3033;

-- Gossip text for Sheal Runetotem
DELETE FROM `npc_gossip` WHERE `npc_guid`=26662;
INSERT INTO `gossip_menu` VALUES (4606, 5717, 88);
INSERT INTO `gossip_menu` VALUES (4606, 5716, 89);
INSERT INTO `gossip_menu_option` (`menu_id`, `id`, `option_icon`, `option_text`, `option_id`, `npc_option_npcflag`, `action_menu_id`, `action_poi_id`, `action_script_id`, `box_coded`, `box_money`, `box_text`, `condition_id`) VALUES (4606, 0, 3, 'I seek further druidic training to have a closer understanding of the Earth Mother\'s will.', 5, 16, 0, 0, 0, 0, 0, '', 0);
INSERT INTO `gossip_menu_option` (`menu_id`, `id`, `option_icon`, `option_text`, `option_id`, `npc_option_npcflag`, `action_menu_id`, `action_poi_id`, `action_script_id`, `box_coded`, `box_money`, `box_text`, `condition_id`) VALUES (4606, 1, 0, 'I wish to unlearn my talents.', 1, 1, 4461, 0, 0, 0, 0, '', 140);
UPDATE `creature_template` SET `gossip_menu_id`=4606 WHERE `entry`=3034;

-- Gossip text for Kym Wildmane
DELETE FROM `npc_gossip` WHERE `npc_guid`=26753;
UPDATE `creature_template` SET `gossip_menu_id`=4606 WHERE `entry`=3036;

-- Gossip text for Gart Mistrunner
DELETE FROM `npc_gossip` WHERE `npc_guid`=26898;
UPDATE `creature_template` SET `gossip_menu_id`=4606 WHERE `entry`=3060;

-- Gossip text for Gennia Runetotem
DELETE FROM `npc_gossip` WHERE `npc_guid`=26903;
INSERT INTO `gossip_menu` VALUES (3926, 4785, 88);
INSERT INTO `gossip_menu` VALUES (3926, 4786, 89);
INSERT INTO `gossip_menu_option` (`menu_id`, `id`, `option_icon`, `option_text`, `option_id`, `npc_option_npcflag`, `action_menu_id`, `action_poi_id`, `action_script_id`, `box_coded`, `box_money`, `box_text`, `condition_id`) VALUES (3926, 0, 3, 'I seek training as a druid.', 5, 16, 0, 0, 0, 0, 0, '', 0);
INSERT INTO `gossip_menu_option` (`menu_id`, `id`, `option_icon`, `option_text`, `option_id`, `npc_option_npcflag`, `action_menu_id`, `action_poi_id`, `action_script_id`, `box_coded`, `box_money`, `box_text`, `condition_id`) VALUES (3926, 1, 0, 'I wish to unlearn my talents.', 1, 1, 4461, 0, 0, 0, 0, '', 140);
UPDATE `creature_template` SET `gossip_menu_id`=3926 WHERE `entry`=3064;

-- Gossip text for Mardant Strongoak
DELETE FROM `npc_gossip` WHERE `npc_guid`=46183;
INSERT INTO `gossip_menu` VALUES (4688, 4783, 88);
INSERT INTO `gossip_menu` VALUES (4688, 4784, 89);
INSERT INTO `gossip_menu_option` (`menu_id`, `id`, `option_icon`, `option_text`, `option_id`, `npc_option_npcflag`, `action_menu_id`, `action_poi_id`, `action_script_id`, `box_coded`, `box_money`, `box_text`, `condition_id`) VALUES (4688, 0, 3, 'I seek training as a druid.', 5, 16, 0, 0, 0, 0, 0, '', 0);
INSERT INTO `gossip_menu_option` (`menu_id`, `id`, `option_icon`, `option_text`, `option_id`, `npc_option_npcflag`, `action_menu_id`, `action_poi_id`, `action_script_id`, `box_coded`, `box_money`, `box_text`, `condition_id`) VALUES (4688, 1, 0, 'I wish to unlearn my talents.', 1, 1, 4461, 0, 0, 0, 0, '', 140);
UPDATE `creature_template` SET `gossip_menu_id`=4688 WHERE `entry`=3597;

-- Gossip text for Kal
DELETE FROM `npc_gossip` WHERE `npc_guid`=46189;
INSERT INTO `gossip_menu` VALUES (3923, 4780, 88);
INSERT INTO `gossip_menu` VALUES (3923, 4779, 89);
INSERT INTO `gossip_menu_option` (`menu_id`, `id`, `option_icon`, `option_text`, `option_id`, `npc_option_npcflag`, `action_menu_id`, `action_poi_id`, `action_script_id`, `box_coded`, `box_money`, `box_text`, `condition_id`) VALUES (3923, 0, 3, 'I seek training as a druid.', 5, 16, 0, 0, 0, 0, 0, '', 0);
INSERT INTO `gossip_menu_option` (`menu_id`, `id`, `option_icon`, `option_text`, `option_id`, `npc_option_npcflag`, `action_menu_id`, `action_poi_id`, `action_script_id`, `box_coded`, `box_money`, `box_text`, `condition_id`) VALUES (3923, 1, 0, 'I wish to unlearn my talents.', 1, 1, 4461, 0, 0, 0, 0, '', 140);
UPDATE `creature_template` SET `gossip_menu_id`=3923 WHERE `entry`=3602;

-- Gossip text for Mathrengyl Bearwalker
DELETE FROM `npc_gossip` WHERE `npc_guid`=46472;
INSERT INTO `conditions` (`condition_entry`, `type`, `value1`, `value2`) VALUES (965, 8, 3785, 0);
DELETE FROM `gossip_menu` WHERE `entry`=1403;
INSERT INTO `gossip_menu` VALUES (1403, 2037, 88);
INSERT INTO `gossip_menu` VALUES (1403, 4782, 89);
INSERT INTO `gossip_menu_option` (`menu_id`, `id`, `option_icon`, `option_text`, `option_id`, `npc_option_npcflag`, `action_menu_id`, `action_poi_id`, `action_script_id`, `box_coded`, `box_money`, `box_text`, `condition_id`) VALUES (1403, 0, 3, 'I am here for training.', 5, 16, 0, 0, 0, 0, 0, '', 0);
INSERT INTO `gossip_menu_option` (`menu_id`, `id`, `option_icon`, `option_text`, `option_id`, `npc_option_npcflag`, `action_menu_id`, `action_poi_id`, `action_script_id`, `box_coded`, `box_money`, `box_text`, `condition_id`) VALUES (1403, 1, 1, 'I\'d like to purchase more Tharlendris seeds.', 3, 4, 0, 0, 0, 0, 0, '', 965);
INSERT INTO `gossip_menu_option` (`menu_id`, `id`, `option_icon`, `option_text`, `option_id`, `npc_option_npcflag`, `action_menu_id`, `action_poi_id`, `action_script_id`, `box_coded`, `box_money`, `box_text`, `condition_id`) VALUES (1403, 2, 0, 'I wish to unlearn my talents.', 1, 1, 4463, 0, 0, 0, 0, '', 140);
INSERT INTO `gossip_menu_option` (`menu_id`, `id`, `option_icon`, `option_text`, `option_id`, `npc_option_npcflag`, `action_menu_id`, `action_poi_id`, `action_script_id`, `box_coded`, `box_money`, `box_text`, `condition_id`) VALUES (4463, 0, 11, 'Yes. I do.', 16, 16, 0, 0, 0, 0, 0, '', 0);
UPDATE `creature_template` SET `gossip_menu_id`=1403 WHERE `entry`=4217;

-- Gossip text for Denatharion
DELETE FROM `npc_gossip` WHERE `npc_guid`=46474;
DELETE FROM `gossip_menu` WHERE `entry`=3924;
INSERT INTO `gossip_menu` VALUES (3924, 4781, 88);
INSERT INTO `gossip_menu` VALUES (3924, 4782, 89);
INSERT INTO `gossip_menu_option` (`menu_id`, `id`, `option_icon`, `option_text`, `option_id`, `npc_option_npcflag`, `action_menu_id`, `action_poi_id`, `action_script_id`, `box_coded`, `box_money`, `box_text`, `condition_id`) VALUES (3924, 0, 3, 'I seek training as a druid.', 5, 16, 0, 0, 0, 0, 0, '', 0);
INSERT INTO `gossip_menu_option` (`menu_id`, `id`, `option_icon`, `option_text`, `option_id`, `npc_option_npcflag`, `action_menu_id`, `action_poi_id`, `action_script_id`, `box_coded`, `box_money`, `box_text`, `condition_id`) VALUES (3924, 1, 0, 'I wish to unlearn my talents.', 1, 1, 4461, 0, 0, 0, 0, '', 140);
UPDATE `creature_template` SET `gossip_menu_id`=3924 WHERE `entry`=4218;

-- Gossip text for Fylerian Nightwing
DELETE FROM `npc_gossip` WHERE `npc_guid`=46475;
UPDATE `creature_template` SET `gossip_menu_id`=3924 WHERE `entry`=4219;

-- Gossip text for Sheldras Moontree
UPDATE `creature_template` SET `gossip_menu_id`=4688 WHERE `entry`=5504;

-- Gossip text for Theridran
UPDATE `creature_template` SET `gossip_menu_id`=4688 WHERE `entry`=5505;

-- Gossip text for Maldryn
UPDATE `creature_template` SET `gossip_menu_id`=4688 WHERE `entry`=5506;

-- Gossip text for Jannos Lighthoof
DELETE FROM `npc_gossip` WHERE `npc_guid`=51301;
UPDATE `creature_template` SET `gossip_menu_id`=4606 WHERE `entry`=8142;

-- Gossip text for Golhine the Hooded
UPDATE `creature_template` SET `gossip_menu_id`=4688 WHERE `entry`=9465;

-- Gossip text for Loganaar
UPDATE `creature_template` SET `gossip_menu_id`=4688 WHERE `entry`=12042;

-- END DRUID TRAINERS

-- Gossip text for William Kielar
UPDATE `creature_template` SET `gossip_menu_id`=7379 WHERE `entry`=17209;

-- Missing gossip menus for Tirisfal Deathguards
INSERT INTO `gossip_menu` VALUES (3356, 4097, 0);
INSERT INTO `gossip_menu` VALUES (3331, 4072, 0);
DELETE FROM `gossip_menu_option` WHERE `menu_id` IN (3331,3356);
INSERT INTO `gossip_menu_option` (`menu_id`, `id`, `option_icon`, `option_text`, `option_id`, `npc_option_npcflag`, `action_menu_id`, `action_poi_id`, `action_script_id`, `box_coded`, `box_money`, `box_text`, `condition_id`) VALUES (3331, 0, 0, 'The Bank', 1, 1, 3311, 0, 0, 0, 0, '', 0);
INSERT INTO `gossip_menu_option` (`menu_id`, `id`, `option_icon`, `option_text`, `option_id`, `npc_option_npcflag`, `action_menu_id`, `action_poi_id`, `action_script_id`, `box_coded`, `box_money`, `box_text`, `condition_id`) VALUES (3331, 1, 0, 'Wind Rider Master', 1, 1, 3312, 0, 0, 0, 0, '', 0);
INSERT INTO `gossip_menu_option` (`menu_id`, `id`, `option_icon`, `option_text`, `option_id`, `npc_option_npcflag`, `action_menu_id`, `action_poi_id`, `action_script_id`, `box_coded`, `box_money`, `box_text`, `condition_id`) VALUES (3331, 2, 0, 'The Inn', 1, 1, 3313, 338, 0, 0, 0, '', 0);
INSERT INTO `gossip_menu_option` (`menu_id`, `id`, `option_icon`, `option_text`, `option_id`, `npc_option_npcflag`, `action_menu_id`, `action_poi_id`, `action_script_id`, `box_coded`, `box_money`, `box_text`, `condition_id`) VALUES (3331, 3, 0, 'Stable Master', 1, 1, 4903, 337, 0, 0, 0, '', 0);
INSERT INTO `gossip_menu_option` (`menu_id`, `id`, `option_icon`, `option_text`, `option_id`, `npc_option_npcflag`, `action_menu_id`, `action_poi_id`, `action_script_id`, `box_coded`, `box_money`, `box_text`, `condition_id`) VALUES (3331, 4, 0, 'Class Trainer', 1, 1, 3329, 0, 0, 0, 0, '', 0);
INSERT INTO `gossip_menu_option` (`menu_id`, `id`, `option_icon`, `option_text`, `option_id`, `npc_option_npcflag`, `action_menu_id`, `action_poi_id`, `action_script_id`, `box_coded`, `box_money`, `box_text`, `condition_id`) VALUES (3331, 5, 0, 'Profession Trainer', 1, 1, 3330, 0, 0, 0, 0, '', 0);
INSERT INTO `gossip_menu_option` (`menu_id`, `id`, `option_icon`, `option_text`, `option_id`, `npc_option_npcflag`, `action_menu_id`, `action_poi_id`, `action_script_id`, `box_coded`, `box_money`, `box_text`, `condition_id`) VALUES (3356, 0, 0, 'The Bank', 1, 1, 3334, 0, 0, 0, 0, '', 0);
INSERT INTO `gossip_menu_option` (`menu_id`, `id`, `option_icon`, `option_text`, `option_id`, `npc_option_npcflag`, `action_menu_id`, `action_poi_id`, `action_script_id`, `box_coded`, `box_money`, `box_text`, `condition_id`) VALUES (3356, 1, 0, 'Bat Handler', 1, 1, 3335, 0, 0, 0, 0, '', 0);
INSERT INTO `gossip_menu_option` (`menu_id`, `id`, `option_icon`, `option_text`, `option_id`, `npc_option_npcflag`, `action_menu_id`, `action_poi_id`, `action_script_id`, `box_coded`, `box_money`, `box_text`, `condition_id`) VALUES (3356, 2, 0, 'The Inn', 1, 1, 3336, 299, 0, 0, 0, '', 0);
INSERT INTO `gossip_menu_option` (`menu_id`, `id`, `option_icon`, `option_text`, `option_id`, `npc_option_npcflag`, `action_menu_id`, `action_poi_id`, `action_script_id`, `box_coded`, `box_money`, `box_text`, `condition_id`) VALUES (3356, 3, 0, 'Stable Master', 1, 1, 4905, 296, 0, 0, 0, '', 0);
INSERT INTO `gossip_menu_option` (`menu_id`, `id`, `option_icon`, `option_text`, `option_id`, `npc_option_npcflag`, `action_menu_id`, `action_poi_id`, `action_script_id`, `box_coded`, `box_money`, `box_text`, `condition_id`) VALUES (3356, 4, 0, 'Class Trainer', 1, 1, 3354, 0, 0, 0, 0, '', 0);
INSERT INTO `gossip_menu_option` (`menu_id`, `id`, `option_icon`, `option_text`, `option_id`, `npc_option_npcflag`, `action_menu_id`, `action_poi_id`, `action_script_id`, `box_coded`, `box_money`, `box_text`, `condition_id`) VALUES (3356, 5, 0, 'Profession Trainer', 1, 1, 3355, 0, 0, 0, 0, '', 0);
